"../../../Engine/Plugins/2D/Paper2D/Content/PlaceholderTextures/DummySpriteTexture.ubulk" 0
"../../../Engine/Plugins/2D/Paper2D/Content/PlaceholderTextures/DummySpriteTexture.uasset" 1
"../../../Engine/Plugins/2D/Paper2D/Content/PlaceholderTextures/DummySpriteTexture.uexp" 2
"../../../Engine/Plugins/2D/Paper2D/Content/DummySprite.uasset" 3
"../../../Engine/Plugins/2D/Paper2D/Content/DummySprite.uexp" 4
"../../../Engine/Plugins/2D/Paper2D/Content/DefaultPaperTerrainMaterial.uasset" 5
"../../../Engine/Plugins/2D/Paper2D/Content/DefaultPaperTerrainMaterial.uexp" 6
"../../../Engine/Plugins/Animation/ACLPlugin/Content/ACLAnimBoneCompressionSettings.uasset" 7
"../../../Engine/Plugins/Animation/ACLPlugin/Content/ACLAnimBoneCompressionSettings.uexp" 8
"../../../Engine/Plugins/Animation/ACLPlugin/Content/ACLAnimCurveCompressionSettings.uasset" 9
"../../../Engine/Plugins/Animation/ACLPlugin/Content/ACLAnimCurveCompressionSettings.uexp" 10
"../../../Engine/Content/Animation/DefaultRecorderBoneCompression.uasset" 11
"../../../Engine/Content/Animation/DefaultRecorderBoneCompression.uexp" 12
"../../../Engine/Content/Animation/DefaultVariableFrameStrippingSettings.uasset" 13
"../../../Engine/Content/Animation/DefaultVariableFrameStrippingSettings.uexp" 14
"../../../Engine/Content/EngineFonts/Faces/DroidSansFallback.uexp" 15
"../../../Engine/Content/EngineFonts/Faces/DroidSansFallback.uasset" 16
"../../../Engine/Content/EngineFonts/Faces/DroidSansFallback.ufont" 17
"../../../Engine/Content/EngineFonts/Faces/RobotoBold.uexp" 18
"../../../Engine/Content/EngineFonts/Faces/RobotoBold.uasset" 19
"../../../Engine/Content/EngineFonts/Faces/RobotoBold.ufont" 20
"../../../Engine/Content/EngineFonts/Faces/RobotoBoldItalic.uexp" 21
"../../../Engine/Content/EngineFonts/Faces/RobotoBoldItalic.uasset" 22
"../../../Engine/Content/EngineFonts/Faces/RobotoBoldItalic.ufont" 23
"../../../Engine/Content/EngineFonts/Faces/RobotoItalic.uexp" 24
"../../../Engine/Content/EngineFonts/Faces/RobotoItalic.uasset" 25
"../../../Engine/Content/EngineFonts/Faces/RobotoItalic.ufont" 26
"../../../Engine/Content/EngineFonts/Faces/RobotoLight.uexp" 27
"../../../Engine/Content/EngineFonts/Faces/RobotoLight.uasset" 28
"../../../Engine/Content/EngineFonts/Faces/RobotoLight.ufont" 29
"../../../Engine/Content/EngineFonts/Faces/RobotoRegular.uexp" 30
"../../../Engine/Content/EngineFonts/Faces/RobotoRegular.uasset" 31
"../../../Engine/Content/EngineFonts/Faces/RobotoRegular.ufont" 32
"../../../Engine/Content/EngineFonts/Roboto.uasset" 33
"../../../Engine/Content/EngineFonts/Roboto.uexp" 34
"../../../Engine/Content/EngineMaterials/DefaultDestructiblePhysicalMaterial.uasset" 35
"../../../Engine/Content/EngineMaterials/DefaultDestructiblePhysicalMaterial.uexp" 36
"../../../Engine/Content/EngineMaterials/DefaultPhysicalMaterial.uasset" 37
"../../../Engine/Content/EngineMaterials/DefaultPhysicalMaterial.uexp" 38
"../../../Engine/Content/EngineSounds/Master.uasset" 39
"../../../Engine/Content/EngineSounds/Master.uexp" 40
"../../../Engine/Plugins/Animation/ControlRig/Content/Controls/DefaultGizmoLibraryNormalized.uasset" 41
"../../../Engine/Plugins/Animation/ControlRig/Content/Controls/DefaultGizmoLibraryNormalized.uexp" 42
"../../../Engine/Content/EditorResources/S_TriggerBox.uasset" 43
"../../../Engine/Content/EditorResources/S_TriggerBox.uexp" 44
"../../../Engine/Content/EditorResources/S_TriggerCapsule.uasset" 45
"../../../Engine/Content/EditorResources/S_TriggerCapsule.uexp" 46
"../../../Engine/Content/EngineMaterials/WeightMapPlaceholderTexture.uasset" 47
"../../../Engine/Content/EngineMaterials/WeightMapPlaceholderTexture.uexp" 48
"../../../Engine/Content/EngineMaterials/WeightMapArrayPlaceholderTexture.uasset" 49
"../../../Engine/Content/EngineMaterials/WeightMapArrayPlaceholderTexture.uexp" 50
"../../../Engine/Plugins/Interchange/Runtime/Content/Pipelines/DefaultAssetsPipeline.uasset" 51
"../../../Engine/Plugins/Interchange/Runtime/Content/Pipelines/DefaultAssetsPipeline.uexp" 52
"../../../Engine/Plugins/Interchange/Runtime/Content/Pipelines/DefaultAudioPipeline.uasset" 53
"../../../Engine/Plugins/Interchange/Runtime/Content/Pipelines/DefaultAudioPipeline.uexp" 54
"../../../Engine/Plugins/Interchange/Runtime/Content/Pipelines/DefaultGLTFAssetsPipeline.uasset" 55
"../../../Engine/Plugins/Interchange/Runtime/Content/Pipelines/DefaultGLTFAssetsPipeline.uexp" 56
"../../../Engine/Plugins/Interchange/Runtime/Content/Pipelines/DefaultGLTFPipeline.uasset" 57
"../../../Engine/Plugins/Interchange/Runtime/Content/Pipelines/DefaultGLTFPipeline.uexp" 58
"../../../Engine/Plugins/Interchange/Runtime/Content/Pipelines/DefaultGLTFSceneAssetsPipeline.uasset" 59
"../../../Engine/Plugins/Interchange/Runtime/Content/Pipelines/DefaultGLTFSceneAssetsPipeline.uexp" 60
"../../../Engine/Plugins/Interchange/Runtime/Content/Pipelines/DefaultMaterialPipeline.uasset" 61
"../../../Engine/Plugins/Interchange/Runtime/Content/Pipelines/DefaultMaterialPipeline.uexp" 62
"../../../Engine/Plugins/Interchange/Runtime/Content/Pipelines/DefaultMaterialXPipeline.uasset" 63
"../../../Engine/Plugins/Interchange/Runtime/Content/Pipelines/DefaultMaterialXPipeline.uexp" 64
"../../../Engine/Plugins/Interchange/Runtime/Content/Pipelines/DefaultSceneAssetsPipeline.uasset" 65
"../../../Engine/Plugins/Interchange/Runtime/Content/Pipelines/DefaultSceneAssetsPipeline.uexp" 66
"../../../Engine/Plugins/Interchange/Runtime/Content/Pipelines/DefaultSceneLevelPipeline.uasset" 67
"../../../Engine/Plugins/Interchange/Runtime/Content/Pipelines/DefaultSceneLevelPipeline.uexp" 68
"../../../Engine/Content/EngineMaterials/T_Default_Material_Grid_M.ubulk" 69
"../../../Engine/Content/EngineMaterials/T_Default_Material_Grid_M.uasset" 70
"../../../Engine/Content/EngineMaterials/T_Default_Material_Grid_M.uexp" 71
"../../../Engine/Content/EngineMaterials/T_Default_Material_Grid_N.ubulk" 72
"../../../Engine/Content/EngineMaterials/T_Default_Material_Grid_N.uasset" 73
"../../../Engine/Content/EngineMaterials/T_Default_Material_Grid_N.uexp" 74
"../../../Engine/Content/Functions/Engine_MaterialFunctions01/Opacity/CameraDepthFade.uasset" 75
"../../../Engine/Content/Functions/Engine_MaterialFunctions01/Opacity/CameraDepthFade.uexp" 76
"../../../Engine/Content/EngineMaterials/WorldGridMaterial.uasset" 77
"../../../Engine/Content/EngineMaterials/WorldGridMaterial.uexp" 78
"../../../Engine/Plugins/Animation/ControlRig/Content/Controls/ControlRig_Octagon_1mm.ubulk" 79
"../../../Engine/Plugins/Animation/ControlRig/Content/Controls/ControlRig_Octagon_1mm.uasset" 80
"../../../Engine/Plugins/Animation/ControlRig/Content/Controls/ControlRig_Octagon_1mm.uexp" 81
"../../../Engine/Plugins/Interchange/Runtime/Content/Pipelines/DefaultTexturePipeline.uasset" 82
"../../../Engine/Plugins/Interchange/Runtime/Content/Pipelines/DefaultTexturePipeline.uexp" 83
"../../../Engine/Content/EditorResources/S_TriggerSphere.uasset" 84
"../../../Engine/Content/EditorResources/S_TriggerSphere.uexp" 85
"../../../Engine/Plugins/Animation/ControlRig/Content/Controls/ControlRig_Octagon_3mm.ubulk" 86
"../../../Engine/Plugins/Animation/ControlRig/Content/Controls/ControlRig_Octagon_3mm.uasset" 87
"../../../Engine/Plugins/Animation/ControlRig/Content/Controls/ControlRig_Octagon_3mm.uexp" 88
"../../../Engine/Content/EngineResources/WhiteSquareTexture.uasset" 89
"../../../Engine/Content/EngineResources/WhiteSquareTexture.uexp" 90
"../../../Engine/Content/EngineMaterials/Widget3DPassThrough.uasset" 91
"../../../Engine/Content/EngineMaterials/Widget3DPassThrough.uexp" 92
"../../../Engine/Content/EngineMaterials/Widget3DPassThrough_Masked.uasset" 93
"../../../Engine/Content/EngineMaterials/Widget3DPassThrough_Masked.uexp" 94
"../../../Engine/Content/EngineMaterials/DefaultBloomKernel.uasset" 95
"../../../Engine/Content/EngineMaterials/DefaultBloomKernel.uexp" 96
"../../../Engine/Content/EngineMaterials/Widget3DPassThrough_Opaque.uasset" 97
"../../../Engine/Content/EngineMaterials/Widget3DPassThrough_Opaque.uexp" 98
"../../../Engine/Content/EngineMaterials/Widget3DPassThrough_Masked_OneSided.uasset" 99
"../../../Engine/Content/EngineMaterials/Widget3DPassThrough_Masked_OneSided.uexp" 100
"../../../Engine/Content/EditorLandscapeResources/DefaultAlphaTexture.uasset" 101
"../../../Engine/Content/EditorLandscapeResources/DefaultAlphaTexture.uexp" 102
"../../../Engine/Content/EditorLandscapeResources/ColorMaskBrushMaterial.uasset" 103
"../../../Engine/Content/EditorLandscapeResources/ColorMaskBrushMaterial.uexp" 104
"../../../Engine/Content/EditorLandscapeResources/ColorMaskBrushMaterial_MaskedRegion.uasset" 105
"../../../Engine/Content/EditorLandscapeResources/ColorMaskBrushMaterial_MaskedRegion.uexp" 106
"../../../Engine/Plugins/Animation/ControlRig/Content/Controls/ControlRig_Octagon_solid.ubulk" 107
"../../../Engine/Plugins/Animation/ControlRig/Content/Controls/ControlRig_Octagon_solid.uasset" 108
"../../../Engine/Plugins/Animation/ControlRig/Content/Controls/ControlRig_Octagon_solid.uexp" 109
"../../../Engine/Content/EngineMaterials/DefaultBokeh.uasset" 110
"../../../Engine/Content/EngineMaterials/DefaultBokeh.uexp" 111
"../../../Engine/Content/EngineMaterials/Widget3DPassThrough_Opaque_OneSided.uasset" 112
"../../../Engine/Content/EngineMaterials/Widget3DPassThrough_Opaque_OneSided.uexp" 113
"../../../Engine/Plugins/Animation/ControlRig/Content/Controls/ControlRig_Pyramid_1mm.ubulk" 114
"../../../Engine/Plugins/Animation/ControlRig/Content/Controls/ControlRig_Pyramid_1mm.uasset" 115
"../../../Engine/Plugins/Animation/ControlRig/Content/Controls/ControlRig_Pyramid_1mm.uexp" 116
"../../../Engine/Content/EngineMaterials/Widget3DPassThrough_Translucent.uasset" 117
"../../../Engine/Content/EngineMaterials/Widget3DPassThrough_Translucent.uexp" 118
"../../../Engine/Content/EngineMaterials/Widget3DPassThrough_Translucent_OneSided.uasset" 119
"../../../Engine/Content/EngineMaterials/Widget3DPassThrough_Translucent_OneSided.uexp" 120
"../../../Engine/Plugins/Animation/ControlRig/Content/Controls/ControlRig_Pyramid_3mm.ubulk" 121
"../../../Engine/Plugins/Animation/ControlRig/Content/Controls/ControlRig_Pyramid_3mm.uasset" 122
"../../../Engine/Plugins/Animation/ControlRig/Content/Controls/ControlRig_Pyramid_3mm.uexp" 123
"../../../Engine/Plugins/Interchange/Assets/Content/Functions/MX_MeasuredEDF.uasset" 124
"../../../Engine/Plugins/Interchange/Assets/Content/Functions/MX_MeasuredEDF.uexp" 125
"../../../Engine/Plugins/2D/Paper2D/Content/DefaultSpriteMaterial.uasset" 126
"../../../Engine/Plugins/2D/Paper2D/Content/DefaultSpriteMaterial.uexp" 127
"../../../Engine/Plugins/2D/Paper2D/Content/MaskedUnlitSpriteMaterial.uasset" 128
"../../../Engine/Plugins/2D/Paper2D/Content/MaskedUnlitSpriteMaterial.uexp" 129
"../../../Engine/Plugins/2D/Paper2D/Content/OpaqueUnlitSpriteMaterial.uasset" 130
"../../../Engine/Plugins/2D/Paper2D/Content/OpaqueUnlitSpriteMaterial.uexp" 131
"../../../Engine/Plugins/Animation/ControlRig/Content/Controls/ControlRig_Pyramid_solid.ubulk" 132
"../../../Engine/Plugins/Animation/ControlRig/Content/Controls/ControlRig_Pyramid_solid.uasset" 133
"../../../Engine/Plugins/Animation/ControlRig/Content/Controls/ControlRig_Pyramid_solid.uexp" 134
"../../../Engine/Plugins/Interchange/Assets/Content/Functions/MF_IridescenceNoLUT.uasset" 135
"../../../Engine/Plugins/Interchange/Assets/Content/Functions/MF_IridescenceNoLUT.uexp" 136
"../../../Engine/Plugins/Interchange/Assets/Content/Functions/MX_StandardSurface.uasset" 137
"../../../Engine/Plugins/Interchange/Assets/Content/Functions/MX_StandardSurface.uexp" 138
"../../../Engine/Plugins/Interchange/Assets/Content/Functions/MX_OpenPBR_Opaque.uasset" 139
"../../../Engine/Plugins/Interchange/Assets/Content/Functions/MX_OpenPBR_Opaque.uexp" 140
"../../../Engine/Plugins/Interchange/Assets/Content/Functions/MX_TransmissionSurface.uasset" 141
"../../../Engine/Plugins/Interchange/Assets/Content/Functions/MX_TransmissionSurface.uexp" 142
"../../../Engine/Plugins/Interchange/Assets/Content/Functions/MX_OpenPBR_Translucent.uasset" 143
"../../../Engine/Plugins/Interchange/Assets/Content/Functions/MX_OpenPBR_Translucent.uexp" 144
"../../../Engine/Plugins/Animation/ControlRig/Content/Controls/ControlRig_QuarterCircle_1mm.ubulk" 145
"../../../Engine/Plugins/Animation/ControlRig/Content/Controls/ControlRig_QuarterCircle_1mm.uasset" 146
"../../../Engine/Plugins/Animation/ControlRig/Content/Controls/ControlRig_QuarterCircle_1mm.uexp" 147
"../../../Engine/Content/Functions/Engine_MaterialFunctions02/WorldPositionOffset/CameraOffset.uasset" 148
"../../../Engine/Content/Functions/Engine_MaterialFunctions02/WorldPositionOffset/CameraOffset.uexp" 149
"../../../Engine/Plugins/Animation/ControlRig/Content/M_Manip.uasset" 150
"../../../Engine/Plugins/Animation/ControlRig/Content/M_Manip.uexp" 151
"../../../Engine/Plugins/Interchange/Assets/Content/Functions/MX_OrenNayarBSDF.uasset" 152
"../../../Engine/Plugins/Interchange/Assets/Content/Functions/MX_OrenNayarBSDF.uexp" 153
"../../../Engine/Content/EngineMaterials/DefaultDiffuse.ubulk" 154
"../../../Engine/Content/EngineMaterials/DefaultDiffuse.uasset" 155
"../../../Engine/Content/EngineMaterials/DefaultDiffuse.uexp" 156
"../../../Engine/Content/EngineMaterials/DefaultDeferredDecalMaterial.uasset" 157
"../../../Engine/Content/EngineMaterials/DefaultDeferredDecalMaterial.uexp" 158
"../../../Engine/Plugins/Animation/ControlRig/Content/Controls/ControlRig_QuarterCircle_3mm.ubulk" 159
"../../../Engine/Plugins/Animation/ControlRig/Content/Controls/ControlRig_QuarterCircle_3mm.uasset" 160
"../../../Engine/Plugins/Animation/ControlRig/Content/Controls/ControlRig_QuarterCircle_3mm.uexp" 161
"../../../Engine/Content/EditorLandscapeResources/LandscapeDirtyMaterial.uasset" 162
"../../../Engine/Content/EditorLandscapeResources/LandscapeDirtyMaterial.uexp" 163
"../../../Engine/Plugins/Media/MediaPlate/Content/SM_MediaPlateScreen.ubulk" 164
"../../../Engine/Plugins/Media/MediaPlate/Content/SM_MediaPlateScreen.uasset" 165
"../../../Engine/Plugins/Media/MediaPlate/Content/SM_MediaPlateScreen.uexp" 166
"../../../Engine/Plugins/Animation/ControlRig/Content/Controls/ControlRig_QuarterCircle_solid.ubulk" 167
"../../../Engine/Plugins/Animation/ControlRig/Content/Controls/ControlRig_QuarterCircle_solid.uasset" 168
"../../../Engine/Plugins/Animation/ControlRig/Content/Controls/ControlRig_QuarterCircle_solid.uexp" 169
"../../../Engine/Plugins/Animation/ControlRig/Content/Controls/ControlRig_RoundedSquare_1mm.ubulk" 170
"../../../Engine/Plugins/Animation/ControlRig/Content/Controls/ControlRig_RoundedSquare_1mm.uasset" 171
"../../../Engine/Plugins/Animation/ControlRig/Content/Controls/ControlRig_RoundedSquare_1mm.uexp" 172
"../../../Engine/Content/EngineMaterials/DefaultLightFunctionMaterial.uasset" 173
"../../../Engine/Content/EngineMaterials/DefaultLightFunctionMaterial.uexp" 174
"../../../Engine/Plugins/NNE/NNEDenoiser/Content/NNEDIM_ColorAlbedoNormal_Alpha.uasset" 175
"../../../Engine/Plugins/NNE/NNEDenoiser/Content/NNEDIM_ColorAlbedoNormal_Alpha.uexp" 176
"../../../Engine/Plugins/NNE/NNEDenoiser/Content/NNEDIM_ColorAlbedoNormal_Default.uasset" 177
"../../../Engine/Plugins/NNE/NNEDenoiser/Content/NNEDIM_ColorAlbedoNormal_Default.uexp" 178
"../../../Engine/Plugins/NNE/NNEDenoiser/Content/NNEDIM_HighQuality_Alpha.uasset" 179
"../../../Engine/Plugins/NNE/NNEDenoiser/Content/NNEDIM_HighQuality_Alpha.uexp" 180
"../../../Engine/Plugins/NNE/NNEDenoiser/Content/NNEDIM_HighQuality_Default.uasset" 181
"../../../Engine/Plugins/NNE/NNEDenoiser/Content/NNEDIM_HighQuality_Default.uexp" 182
"../../../Engine/Plugins/Animation/ControlRig/Content/Controls/ControlRig_RoundedSquare_3mm.ubulk" 183
"../../../Engine/Plugins/Animation/ControlRig/Content/Controls/ControlRig_RoundedSquare_3mm.uasset" 184
"../../../Engine/Plugins/Animation/ControlRig/Content/Controls/ControlRig_RoundedSquare_3mm.uexp" 185
"../../../Engine/Plugins/NNE/NNEDenoiser/Content/NNEDOM_Output_Alpha.uasset" 186
"../../../Engine/Plugins/NNE/NNEDenoiser/Content/NNEDOM_Output_Alpha.uexp" 187
"../../../Engine/Plugins/NNE/NNEDenoiser/Content/NNEDOM_Output_Default.uasset" 188
"../../../Engine/Plugins/NNE/NNEDenoiser/Content/NNEDOM_Output_Default.uexp" 189
"../../../Engine/Plugins/Interchange/Assets/Content/Functions/MX_SheenBSDF.uasset" 190
"../../../Engine/Plugins/Interchange/Assets/Content/Functions/MX_SheenBSDF.uexp" 191
"../../../Engine/Plugins/NNE/NNEDenoiser/Content/NNEDTIM_ColorAlbedoNormal_Alpha.uasset" 192
"../../../Engine/Plugins/NNE/NNEDenoiser/Content/NNEDTIM_ColorAlbedoNormal_Alpha.uexp" 193
"../../../Engine/Plugins/NNE/NNEDenoiser/Content/NNEDTIM_ColorAlbedoNormal_Default.uasset" 194
"../../../Engine/Plugins/NNE/NNEDenoiser/Content/NNEDTIM_ColorAlbedoNormal_Default.uexp" 195
"../../../Engine/Plugins/NNE/NNEDenoiser/Content/NNEDTOM_Output_Alpha.uasset" 196
"../../../Engine/Plugins/NNE/NNEDenoiser/Content/NNEDTOM_Output_Alpha.uexp" 197
"../../../Engine/Plugins/Animation/ControlRig/Content/Controls/ControlRig_RoundedSquare_solid.ubulk" 198
"../../../Engine/Plugins/Animation/ControlRig/Content/Controls/ControlRig_RoundedSquare_solid.uasset" 199
"../../../Engine/Plugins/Animation/ControlRig/Content/Controls/ControlRig_RoundedSquare_solid.uexp" 200
"../../../Engine/Content/EngineDamageTypes/DmgTypeBP_Environmental.uasset" 201
"../../../Engine/Content/EngineDamageTypes/DmgTypeBP_Environmental.uexp" 202
"../../../Engine/Plugins/NNE/NNEDenoiser/Content/NNEDTOM_Output_Default.uasset" 203
"../../../Engine/Plugins/NNE/NNEDenoiser/Content/NNEDTOM_Output_Default.uexp" 204
"../../../Engine/Plugins/NNE/NNEDenoiser/Content/NNEDT_Oidn2-3_Balanced.uasset" 205
"../../../Engine/Plugins/NNE/NNEDenoiser/Content/NNEDT_Oidn2-3_Balanced.uexp" 206
"../../../Engine/Plugins/Animation/ControlRig/Content/Controls/ControlRig_RoundedTriangle_1mm.ubulk" 207
"../../../Engine/Plugins/Animation/ControlRig/Content/Controls/ControlRig_RoundedTriangle_1mm.uasset" 208
"../../../Engine/Plugins/Animation/ControlRig/Content/Controls/ControlRig_RoundedTriangle_1mm.uexp" 209
"../../../Engine/Plugins/NNE/NNEDenoiser/Content/NNEDT_Oidn2-3_Balanced_Alpha.uasset" 210
"../../../Engine/Plugins/NNE/NNEDenoiser/Content/NNEDT_Oidn2-3_Balanced_Alpha.uexp" 211
"../../../Engine/Content/Functions/Engine_MaterialFunctions02/Utility/BreakOutFloat2Components.uasset" 212
"../../../Engine/Content/Functions/Engine_MaterialFunctions02/Utility/BreakOutFloat2Components.uexp" 213
"../../../Engine/Content/Functions/Engine_MaterialFunctions01/Texturing/ScaleUVsByCenter.uasset" 214
"../../../Engine/Content/Functions/Engine_MaterialFunctions01/Texturing/ScaleUVsByCenter.uexp" 215
"../../../Engine/Content/Functions/Engine_MaterialFunctions01/Texturing/TextureCropping.uasset" 216
"../../../Engine/Content/Functions/Engine_MaterialFunctions01/Texturing/TextureCropping.uexp" 217
"../../../Engine/Content/Functions/Engine_MaterialFunctions02/ExampleContent/DebugNumberStrip.uasset" 218
"../../../Engine/Content/Functions/Engine_MaterialFunctions02/ExampleContent/DebugNumberStrip.uexp" 219
"../../../Engine/Content/Functions/Engine_MaterialFunctions01/Debug/DebugIntValues.uasset" 220
"../../../Engine/Content/Functions/Engine_MaterialFunctions01/Debug/DebugIntValues.uexp" 221
"../../../Engine/Content/Functions/Engine_MaterialFunctions02/WorldPositionOffset/LocalPosition.uasset" 222
"../../../Engine/Content/Functions/Engine_MaterialFunctions02/WorldPositionOffset/LocalPosition.uexp" 223
"../../../Engine/Content/EditorLandscapeResources/LandscapeLayerUsageMaterial.uasset" 224
"../../../Engine/Content/EditorLandscapeResources/LandscapeLayerUsageMaterial.uexp" 225
"../../../Engine/Plugins/NNE/NNEDenoiser/Content/NNED_Oidn2-3_Balanced.uasset" 226
"../../../Engine/Plugins/NNE/NNEDenoiser/Content/NNED_Oidn2-3_Balanced.uexp" 227
"../../../Engine/Plugins/NNE/NNEDenoiser/Content/NNED_Oidn2-3_Balanced_Alpha.uasset" 228
"../../../Engine/Plugins/NNE/NNEDenoiser/Content/NNED_Oidn2-3_Balanced_Alpha.uexp" 229
"../../../Engine/Plugins/NNE/NNEDenoiser/Content/NNED_Oidn2-3_Fast.uasset" 230
"../../../Engine/Plugins/NNE/NNEDenoiser/Content/NNED_Oidn2-3_Fast.uexp" 231
"../../../Engine/Plugins/NNE/NNEDenoiser/Content/NNED_Oidn2-3_Fast_Alpha.uasset" 232
"../../../Engine/Plugins/NNE/NNEDenoiser/Content/NNED_Oidn2-3_Fast_Alpha.uexp" 233
"../../../Engine/Plugins/Interchange/Assets/Content/Functions/MX_SubsurfaceBSDF.uasset" 234
"../../../Engine/Plugins/Interchange/Assets/Content/Functions/MX_SubsurfaceBSDF.uexp" 235
"../../../Engine/Plugins/NNE/NNEDenoiser/Content/NNED_Oidn2-3_HighQuality.uasset" 236
"../../../Engine/Plugins/NNE/NNEDenoiser/Content/NNED_Oidn2-3_HighQuality.uexp" 237
"../../../Engine/Plugins/NNE/NNEDenoiser/Content/NNED_Oidn2-3_HighQuality_Alpha.uasset" 238
"../../../Engine/Plugins/NNE/NNEDenoiser/Content/NNED_Oidn2-3_HighQuality_Alpha.uexp" 239
"../../../Engine/Plugins/Animation/ControlRig/Content/Controls/ControlRig_RoundedTriangle_3mm.ubulk" 240
"../../../Engine/Plugins/Animation/ControlRig/Content/Controls/ControlRig_RoundedTriangle_3mm.uasset" 241
"../../../Engine/Plugins/Animation/ControlRig/Content/Controls/ControlRig_RoundedTriangle_3mm.uexp" 242
"../../../Engine/Plugins/NNE/NNEDenoiser/Content/NNE_oidn2-3-0_rt_hdr_alb_nrm_small__dyn__fp16_opset11_DenoiseAlpha.uasset" 243
"../../../Engine/Plugins/NNE/NNEDenoiser/Content/NNE_oidn2-3-0_rt_hdr_alb_nrm_small__dyn__fp16_opset11_DenoiseAlpha.uexp" 244
"../../../Engine/Content/EngineMaterials/DefaultPostProcessMaterial.uasset" 245
"../../../Engine/Content/EngineMaterials/DefaultPostProcessMaterial.uexp" 246
"../../../Engine/Plugins/NNE/NNEDenoiser/Content/NNE_oidn2-3-0_rt_hdr_alb_nrm_small__dyn__fp16_opset11_ForwardAlpha.uasset" 247
"../../../Engine/Plugins/NNE/NNEDenoiser/Content/NNE_oidn2-3-0_rt_hdr_alb_nrm_small__dyn__fp16_opset11_ForwardAlpha.uexp" 248
"../../../Engine/Plugins/NNE/NNEDenoiser/Content/NNE_oidn2-3-0_rt_hdr_alb_nrm__dyn__fp16_opset11_DenoiseAlpha.uasset" 249
"../../../Engine/Plugins/NNE/NNEDenoiser/Content/NNE_oidn2-3-0_rt_hdr_alb_nrm__dyn__fp16_opset11_DenoiseAlpha.uexp" 250
"../../../Engine/Plugins/Interchange/Assets/Content/Functions/MX_Surface.uasset" 251
"../../../Engine/Plugins/Interchange/Assets/Content/Functions/MX_Surface.uexp" 252
"../../../Engine/Plugins/NNE/NNEDenoiser/Content/NNE_oidn2-3-0_rt_hdr_alb_nrm__dyn__fp16_opset11_ForwardAlpha.uasset" 253
"../../../Engine/Plugins/NNE/NNEDenoiser/Content/NNE_oidn2-3-0_rt_hdr_alb_nrm__dyn__fp16_opset11_ForwardAlpha.uexp" 254
"../../../Engine/Plugins/NNE/NNEDenoiser/Content/NNE_oidn2-3-0_rt_hdr_calb_cnrm_large__dyn__fp16_opset11_DenoiseAlpha.uasset" 255
"../../../Engine/Plugins/NNE/NNEDenoiser/Content/NNE_oidn2-3-0_rt_hdr_calb_cnrm_large__dyn__fp16_opset11_DenoiseAlpha.uexp" 256
"../../../Engine/Content/EngineFonts/RobotoDistanceField.uasset" 257
"../../../Engine/Content/EngineFonts/RobotoDistanceField.uexp" 258
"../../../Engine/Content/EngineMaterials/DefaultTextMaterialOpaque.uasset" 259
"../../../Engine/Content/EngineMaterials/DefaultTextMaterialOpaque.uexp" 260
"../../../Engine/Plugins/NNE/NNEDenoiser/Content/NNE_oidn2-3-0_rt_hdr_calb_cnrm_large__dyn__fp16_opset11_ForwardAlpha.uasset" 261
"../../../Engine/Plugins/NNE/NNEDenoiser/Content/NNE_oidn2-3-0_rt_hdr_calb_cnrm_large__dyn__fp16_opset11_ForwardAlpha.uexp" 262
"../../../Engine/Plugins/Interchange/Assets/Content/Functions/MX_SurfaceUnlit.uasset" 263
"../../../Engine/Plugins/Interchange/Assets/Content/Functions/MX_SurfaceUnlit.uexp" 264
"../../../Engine/Plugins/Animation/ControlRig/Content/Controls/ControlRig_RoundedTriangle_solid.ubulk" 265
"../../../Engine/Plugins/Animation/ControlRig/Content/Controls/ControlRig_RoundedTriangle_solid.uasset" 266
"../../../Engine/Plugins/Animation/ControlRig/Content/Controls/ControlRig_RoundedTriangle_solid.uexp" 267
"../../../Engine/Content/EngineMaterials/DefaultWhiteGrid.ubulk" 268
"../../../Engine/Content/EngineMaterials/DefaultWhiteGrid.uasset" 269
"../../../Engine/Content/EngineMaterials/DefaultWhiteGrid.uexp" 270
"../../../Engine/Content/EditorLandscapeResources/WhiteSquareTexture.uasset" 271
"../../../Engine/Content/EditorLandscapeResources/WhiteSquareTexture.uexp" 272
"../../../Engine/Content/EditorLandscapeResources/LayerVisMaterial.uasset" 273
"../../../Engine/Content/EditorLandscapeResources/LayerVisMaterial.uexp" 274
"../../../Engine/Plugins/Interchange/Assets/Content/Functions/MX_TranslucentBSDF.uasset" 275
"../../../Engine/Plugins/Interchange/Assets/Content/Functions/MX_TranslucentBSDF.uexp" 276
"../../../Engine/Plugins/Animation/ControlRig/Content/Controls/ControlRig_Sphere_1mm.ubulk" 277
"../../../Engine/Plugins/Animation/ControlRig/Content/Controls/ControlRig_Sphere_1mm.uasset" 278
"../../../Engine/Plugins/Animation/ControlRig/Content/Controls/ControlRig_Sphere_1mm.uexp" 279
"../../../Engine/Content/EngineMeshes/Sphere.ubulk" 280
"../../../Engine/Content/EngineMeshes/Sphere.uasset" 281
"../../../Engine/Content/EngineMeshes/Sphere.uexp" 282
"../../../Engine/Plugins/Animation/ControlRig/Content/Controls/ControlRig_Sphere_3mm.ubulk" 283
"../../../Engine/Plugins/Animation/ControlRig/Content/Controls/ControlRig_Sphere_3mm.uasset" 284
"../../../Engine/Plugins/Animation/ControlRig/Content/Controls/ControlRig_Sphere_3mm.uexp" 285
"../../../Engine/Content/Functions/Engine_MaterialFunctions02/Utility/MakeFloat3.uasset" 286
"../../../Engine/Content/Functions/Engine_MaterialFunctions02/Utility/MakeFloat3.uexp" 287
"../../../Engine/Content/Functions/Engine_MaterialFunctions03/Math/WithinRangeFloat2.uasset" 288
"../../../Engine/Content/Functions/Engine_MaterialFunctions03/Math/WithinRangeFloat2.uexp" 289
"../../../Engine/Content/EditorLandscapeResources/MaskBrushMaterial.uasset" 290
"../../../Engine/Content/EditorLandscapeResources/MaskBrushMaterial.uexp" 291
"../../../Engine/Content/EditorLandscapeResources/MaskBrushMaterial_MaskedRegion.uasset" 292
"../../../Engine/Content/EditorLandscapeResources/MaskBrushMaterial_MaskedRegion.uexp" 293
"../../../Engine/Plugins/Interchange/Assets/Content/Functions/MX_UniformEDF.uasset" 294
"../../../Engine/Plugins/Interchange/Assets/Content/Functions/MX_UniformEDF.uexp" 295
"../../../Engine/Plugins/Animation/ControlRig/Content/Controls/ControlRig_Sphere_solid.ubulk" 296
"../../../Engine/Plugins/Animation/ControlRig/Content/Controls/ControlRig_Sphere_solid.uasset" 297
"../../../Engine/Plugins/Animation/ControlRig/Content/Controls/ControlRig_Sphere_solid.uexp" 298
"../../../Engine/Content/EngineMaterials/DefaultWhiteGrid_Low.uasset" 299
"../../../Engine/Content/EngineMaterials/DefaultWhiteGrid_Low.uexp" 300
"../../../Engine/Content/EngineMaterials/EmissiveMeshMaterial.uasset" 301
"../../../Engine/Content/EngineMaterials/EmissiveMeshMaterial.uexp" 302
"../../../Engine/Plugins/Interchange/Assets/Content/Functions/MX_UsdPreviewSurface.uasset" 303
"../../../Engine/Plugins/Interchange/Assets/Content/Functions/MX_UsdPreviewSurface.uexp" 304
"../../../Engine/Content/BasicShapes/BasicShapeMaterial.uasset" 305
"../../../Engine/Content/BasicShapes/BasicShapeMaterial.uexp" 306
"../../../Engine/Plugins/Animation/ControlRig/Content/Controls/ControlRig_Square_1mm.ubulk" 307
"../../../Engine/Plugins/Animation/ControlRig/Content/Controls/ControlRig_Square_1mm.uasset" 308
"../../../Engine/Plugins/Animation/ControlRig/Content/Controls/ControlRig_Square_1mm.uexp" 309
"../../../Engine/Content/EngineMaterials/FastBlueNoise_scalar_128x128x64.uasset" 310
"../../../Engine/Content/EngineMaterials/FastBlueNoise_scalar_128x128x64.uexp" 311
"../../../Engine/Plugins/Animation/ControlRig/Content/Controls/ControlRig_Square_3mm.ubulk" 312
"../../../Engine/Plugins/Animation/ControlRig/Content/Controls/ControlRig_Square_3mm.uasset" 313
"../../../Engine/Plugins/Animation/ControlRig/Content/Controls/ControlRig_Square_3mm.uexp" 314
"../../../Engine/Content/EngineMaterials/FastBlueNoise_scalar_128x128x8.uasset" 315
"../../../Engine/Content/EngineMaterials/FastBlueNoise_scalar_128x128x8.uexp" 316
"../../../Engine/Content/EngineDebugMaterials/DebugEditorMaterial.uasset" 317
"../../../Engine/Content/EngineDebugMaterials/DebugEditorMaterial.uexp" 318
"../../../Engine/Content/EditorLandscapeResources/SelectBrushMaterial.uasset" 319
"../../../Engine/Content/EditorLandscapeResources/SelectBrushMaterial.uexp" 320
"../../../Engine/Content/EditorLandscapeResources/SelectBrushMaterial_Selected.uasset" 321
"../../../Engine/Content/EditorLandscapeResources/SelectBrushMaterial_Selected.uexp" 322
"../../../Engine/Content/EngineMaterials/DefaultMaterial.uasset" 323
"../../../Engine/Content/EngineMaterials/DefaultMaterial.uexp" 324
"../../../Engine/Content/BasicShapes/Cone.ubulk" 325
"../../../Engine/Content/BasicShapes/Cone.uasset" 326
"../../../Engine/Content/BasicShapes/Cone.uexp" 327
"../../../Engine/Content/EditorLandscapeResources/SelectBrushMaterial_SelectedRegion.uasset" 328
"../../../Engine/Content/EditorLandscapeResources/SelectBrushMaterial_SelectedRegion.uexp" 329
"../../../Engine/Content/EngineMaterials/FastBlueNoise_vec2_128x128x64.uasset" 330
"../../../Engine/Content/EngineMaterials/FastBlueNoise_vec2_128x128x64.uexp" 331
"../../../Engine/Content/EngineDebugMaterials/DebugMeshMaterial.uasset" 332
"../../../Engine/Content/EngineDebugMaterials/DebugMeshMaterial.uexp" 333
"../../../Engine/Content/BasicShapes/Cube.ubulk" 334
"../../../Engine/Content/BasicShapes/Cube.uasset" 335
"../../../Engine/Content/BasicShapes/Cube.uexp" 336
"../../../Engine/Content/EditorLandscapeResources/SplineEditorMeshMat.uasset" 337
"../../../Engine/Content/EditorLandscapeResources/SplineEditorMeshMat.uexp" 338
"../../../Engine/Content/EditorLandscapeResources/SplineEditorMesh.ubulk" 339
"../../../Engine/Content/EditorLandscapeResources/SplineEditorMesh.uasset" 340
"../../../Engine/Content/EditorLandscapeResources/SplineEditorMesh.uexp" 341
"../../../Engine/Content/EngineMaterials/BaseFlattenDiffuseMap.uasset" 342
"../../../Engine/Content/EngineMaterials/BaseFlattenDiffuseMap.uexp" 343
"../../../Engine/Content/EngineMaterials/BaseFlattenEmissiveMap.uasset" 344
"../../../Engine/Content/EngineMaterials/BaseFlattenEmissiveMap.uexp" 345
"../../../Engine/Content/EngineMaterials/BaseFlattenGrayscaleMap.uasset" 346
"../../../Engine/Content/EngineMaterials/BaseFlattenGrayscaleMap.uexp" 347
"../../../Engine/Content/EngineMaterials/BaseFlattenLinearColor.uasset" 348
"../../../Engine/Content/EngineMaterials/BaseFlattenLinearColor.uexp" 349
"../../../Engine/Content/EngineMaterials/BaseFlattenNormalMap.uasset" 350
"../../../Engine/Content/EngineMaterials/BaseFlattenNormalMap.uexp" 351
"../../../Engine/Content/Functions/Engine_MaterialFunctions02/PivotPainter2/Black_1x1_EXR_Texture.uasset" 352
"../../../Engine/Content/Functions/Engine_MaterialFunctions02/PivotPainter2/Black_1x1_EXR_Texture.uexp" 353
"../../../Engine/Content/EngineMaterials/FlattenMaterial.uasset" 354
"../../../Engine/Content/EngineMaterials/FlattenMaterial.uexp" 355
"../../../Engine/Plugins/Animation/ControlRig/Content/Controls/ControlRig_Square_solid.ubulk" 356
"../../../Engine/Plugins/Animation/ControlRig/Content/Controls/ControlRig_Square_solid.uasset" 357
"../../../Engine/Plugins/Animation/ControlRig/Content/Controls/ControlRig_Square_solid.uexp" 358
"../../../Engine/Content/EngineMaterials/BaseFlattenDiffuseMap_VT.ubulk" 359
"../../../Engine/Content/EngineMaterials/BaseFlattenDiffuseMap_VT.uasset" 360
"../../../Engine/Content/EngineMaterials/BaseFlattenDiffuseMap_VT.uexp" 361
"../../../Engine/Content/EngineMaterials/BaseFlattenEmissiveMap_VT.ubulk" 362
"../../../Engine/Content/EngineMaterials/BaseFlattenEmissiveMap_VT.uasset" 363
"../../../Engine/Content/EngineMaterials/BaseFlattenEmissiveMap_VT.uexp" 364
"../../../Engine/Content/EngineMaterials/BaseFlattenGrayscaleMap_VT.ubulk" 365
"../../../Engine/Content/EngineMaterials/BaseFlattenGrayscaleMap_VT.uasset" 366
"../../../Engine/Content/EngineMaterials/BaseFlattenGrayscaleMap_VT.uexp" 367
"../../../Engine/Content/EngineMaterials/BaseFlattenLinearColor_VT.ubulk" 368
"../../../Engine/Content/EngineMaterials/BaseFlattenLinearColor_VT.uasset" 369
"../../../Engine/Content/EngineMaterials/BaseFlattenLinearColor_VT.uexp" 370
"../../../Engine/Content/EngineMaterials/BaseFlattenNormalMap_VT.ubulk" 371
"../../../Engine/Content/EngineMaterials/BaseFlattenNormalMap_VT.uasset" 372
"../../../Engine/Content/EngineMaterials/BaseFlattenNormalMap_VT.uexp" 373
"../../../Engine/Content/EngineMaterials/Black_1x1_EXR_Texture_VT.ubulk" 374
"../../../Engine/Content/EngineMaterials/Black_1x1_EXR_Texture_VT.uasset" 375
"../../../Engine/Content/EngineMaterials/Black_1x1_EXR_Texture_VT.uexp" 376
"../../../Engine/Content/EngineMaterials/FlattenMaterial_VT.uasset" 377
"../../../Engine/Content/EngineMaterials/FlattenMaterial_VT.uexp" 378
"../../../Engine/Plugins/Animation/ControlRig/Content/Controls/ControlRig_Star4_1mm.ubulk" 379
"../../../Engine/Plugins/Animation/ControlRig/Content/Controls/ControlRig_Star4_1mm.uasset" 380
"../../../Engine/Plugins/Animation/ControlRig/Content/Controls/ControlRig_Star4_1mm.uexp" 381
"../../../Engine/Content/EngineMaterials/FlattenMaterial_WS_Normal_VT.uasset" 382
"../../../Engine/Content/EngineMaterials/FlattenMaterial_WS_Normal_VT.uexp" 383
"../../../Engine/Content/BasicShapes/Cylinder.ubulk" 384
"../../../Engine/Content/BasicShapes/Cylinder.uasset" 385
"../../../Engine/Content/BasicShapes/Cylinder.uexp" 386
"../../../Engine/Content/EngineMaterials/GizmoMaterial.uasset" 387
"../../../Engine/Content/EngineMaterials/GizmoMaterial.uexp" 388
"../../../Engine/Plugins/Animation/ControlRig/Content/Controls/ControlRig_Star4_3mm.ubulk" 389
"../../../Engine/Plugins/Animation/ControlRig/Content/Controls/ControlRig_Star4_3mm.uasset" 390
"../../../Engine/Plugins/Animation/ControlRig/Content/Controls/ControlRig_Star4_3mm.uexp" 391
"../../../Engine/Plugins/Animation/ControlRig/Content/Controls/ControlRig_Star4_solid.ubulk" 392
"../../../Engine/Plugins/Animation/ControlRig/Content/Controls/ControlRig_Star4_solid.uasset" 393
"../../../Engine/Plugins/Animation/ControlRig/Content/Controls/ControlRig_Star4_solid.uexp" 394
"../../../Engine/Content/EngineResources/Black.uasset" 395
"../../../Engine/Content/EngineResources/Black.uexp" 396
"../../../Engine/Content/BasicShapes/Plane.ubulk" 397
"../../../Engine/Content/BasicShapes/Plane.uasset" 398
"../../../Engine/Content/BasicShapes/Plane.uexp" 399
"../../../Engine/Plugins/Animation/ControlRig/Content/Controls/ControlRig_Triangle_1mm.ubulk" 400
"../../../Engine/Plugins/Animation/ControlRig/Content/Controls/ControlRig_Triangle_1mm.uasset" 401
"../../../Engine/Plugins/Animation/ControlRig/Content/Controls/ControlRig_Triangle_1mm.uexp" 402
"../../../Engine/Content/BasicShapes/Sphere.ubulk" 403
"../../../Engine/Content/BasicShapes/Sphere.uasset" 404
"../../../Engine/Content/BasicShapes/Sphere.uexp" 405
"../../../Engine/Plugins/Animation/ControlRig/Content/Controls/ControlRig_Triangle_3mm.ubulk" 406
"../../../Engine/Plugins/Animation/ControlRig/Content/Controls/ControlRig_Triangle_3mm.uasset" 407
"../../../Engine/Plugins/Animation/ControlRig/Content/Controls/ControlRig_Triangle_3mm.uexp" 408
"../../../Engine/Content/EngineResources/DefaultTexture.ubulk" 409
"../../../Engine/Content/EngineResources/DefaultTexture.uasset" 410
"../../../Engine/Content/EngineResources/DefaultTexture.uexp" 411
"../../../Engine/Plugins/Animation/ControlRig/Content/Controls/ControlRig_Triangle_solid.ubulk" 412
"../../../Engine/Plugins/Animation/ControlRig/Content/Controls/ControlRig_Triangle_solid.uasset" 413
"../../../Engine/Plugins/Animation/ControlRig/Content/Controls/ControlRig_Triangle_solid.uexp" 414
"../../../Engine/Content/EngineResources/DefaultTextureCube.uasset" 415
"../../../Engine/Content/EngineResources/DefaultTextureCube.uexp" 416
"../../../Engine/Plugins/Animation/ControlRig/Content/Controls/ControlRig_Wedge_1mm.ubulk" 417
"../../../Engine/Plugins/Animation/ControlRig/Content/Controls/ControlRig_Wedge_1mm.uasset" 418
"../../../Engine/Plugins/Animation/ControlRig/Content/Controls/ControlRig_Wedge_1mm.uexp" 419
"../../../Engine/Plugins/Interchange/Assets/Content/Functions/MX_AbsorptionVDF.uasset" 420
"../../../Engine/Plugins/Interchange/Assets/Content/Functions/MX_AbsorptionVDF.uexp" 421
"../../../Engine/Content/EngineResources/DefaultVolumeTexture2D.uasset" 422
"../../../Engine/Content/EngineResources/DefaultVolumeTexture2D.uexp" 423
"../../../Engine/Content/EngineResources/DefaultVolumeTexture.uasset" 424
"../../../Engine/Content/EngineResources/DefaultVolumeTexture.uexp" 425
"../../../Engine/Plugins/Animation/ControlRig/Content/Controls/ControlRig_Wedge_3mm.ubulk" 426
"../../../Engine/Plugins/Animation/ControlRig/Content/Controls/ControlRig_Wedge_3mm.uasset" 427
"../../../Engine/Plugins/Animation/ControlRig/Content/Controls/ControlRig_Wedge_3mm.uexp" 428
"../../../Engine/Content/EngineMaterials/MiniFont.uasset" 429
"../../../Engine/Content/EngineMaterials/MiniFont.uexp" 430
"../../../Engine/Content/EngineMaterials/InvalidLightmapSettings.ubulk" 431
"../../../Engine/Content/EngineMaterials/InvalidLightmapSettings.uasset" 432
"../../../Engine/Content/EngineMaterials/InvalidLightmapSettings.uexp" 433
"../../../Engine/Content/EngineMaterials/M_InvalidLightmapSettings.uasset" 434
"../../../Engine/Content/EngineMaterials/M_InvalidLightmapSettings.uexp" 435
"../../../Engine/Content/EngineMaterials/NaniteHiddenSectionMaterial.uasset" 436
"../../../Engine/Content/EngineMaterials/NaniteHiddenSectionMaterial.uexp" 437
"../../../Engine/Plugins/Interchange/Assets/Content/Functions/MX_AnisotropicVDF.uasset" 438
"../../../Engine/Plugins/Interchange/Assets/Content/Functions/MX_AnisotropicVDF.uexp" 439
"../../../Engine/Plugins/Animation/ControlRig/Content/Controls/ControlRig_Wedge_solid.ubulk" 440
"../../../Engine/Plugins/Animation/ControlRig/Content/Controls/ControlRig_Wedge_solid.uasset" 441
"../../../Engine/Plugins/Animation/ControlRig/Content/Controls/ControlRig_Wedge_solid.uexp" 442
"../../../Engine/Content/EngineResources/GradientTexture0.uasset" 443
"../../../Engine/Content/EngineResources/GradientTexture0.uexp" 444
"../../../Engine/Plugins/Interchange/Assets/Content/Functions/MX_BurleyDiffuseBSDF.uasset" 445
"../../../Engine/Plugins/Interchange/Assets/Content/Functions/MX_BurleyDiffuseBSDF.uexp" 446
"../../../Engine/Content/EngineDebugMaterials/M_SimpleUnlitTranslucent.uasset" 447
"../../../Engine/Content/EngineDebugMaterials/M_SimpleUnlitTranslucent.uexp" 448
"../../../Engine/Plugins/Interchange/Assets/Content/Functions/MX_ChiangHairBSDF.uasset" 449
"../../../Engine/Plugins/Interchange/Assets/Content/Functions/MX_ChiangHairBSDF.uexp" 450
"../../../Engine/Content/Functions/Engine_MaterialFunctions02/Utility/CameraDirectionVector.uasset" 451
"../../../Engine/Content/Functions/Engine_MaterialFunctions02/Utility/CameraDirectionVector.uexp" 452
"../../../Engine/Content/EngineDebugMaterials/VolumeToRender.uasset" 453
"../../../Engine/Content/EngineDebugMaterials/VolumeToRender.uexp" 454
"../../../Engine/Content/EngineDebugMaterials/M_VolumeRenderSphereTracePP.uasset" 455
"../../../Engine/Content/EngineDebugMaterials/M_VolumeRenderSphereTracePP.uexp" 456
"../../../Engine/Content/EngineMaterials/PhAT_JointLimitMaterial.uasset" 457
"../../../Engine/Content/EngineMaterials/PhAT_JointLimitMaterial.uexp" 458
"../../../Engine/Content/EngineMaterials/DefaultCalibrationColor.uasset" 459
"../../../Engine/Content/EngineMaterials/DefaultCalibrationColor.uexp" 460
"../../../Engine/Content/EngineMaterials/PPM_DefaultCalibrationColor.uasset" 461
"../../../Engine/Content/EngineMaterials/PPM_DefaultCalibrationColor.uexp" 462
"../../../Engine/Plugins/Interchange/Assets/Content/Functions/MX_ConductorBSDF.uasset" 463
"../../../Engine/Plugins/Interchange/Assets/Content/Functions/MX_ConductorBSDF.uexp" 464
"../../../Engine/Plugins/Interchange/Assets/Content/Functions/MX_ConicalEDF.uasset" 465
"../../../Engine/Plugins/Interchange/Assets/Content/Functions/MX_ConicalEDF.uexp" 466
"../../../Engine/Content/EngineResources/LandscapeVisibilityLayerInfo.uasset" 467
"../../../Engine/Content/EngineResources/LandscapeVisibilityLayerInfo.uexp" 468
"../../../Engine/Content/EngineMaterials/DefaultCalibrationGrayscale.uasset" 469
"../../../Engine/Content/EngineMaterials/DefaultCalibrationGrayscale.uexp" 470
"../../../Engine/Content/EngineMaterials/PPM_DefaultCalibrationGrayscale.uasset" 471
"../../../Engine/Content/EngineMaterials/PPM_DefaultCalibrationGrayscale.uexp" 472
"../../../Engine/Plugins/Interchange/Assets/Content/Functions/MX_DielectricBSDF.uasset" 473
"../../../Engine/Plugins/Interchange/Assets/Content/Functions/MX_DielectricBSDF.uexp" 474
"../../../Engine/Content/EditorResources/BSPVertex.uasset" 475
"../../../Engine/Content/EditorResources/BSPVertex.uexp" 476
"../../../Engine/Plugins/Interchange/Assets/Content/Functions/MX_Displacement.uasset" 477
"../../../Engine/Plugins/Interchange/Assets/Content/Functions/MX_Displacement.uexp" 478
"../../../Engine/Plugins/Interchange/Assets/Content/Functions/MX_GeneralizedSchlickBSDF.uasset" 479
"../../../Engine/Plugins/Interchange/Assets/Content/Functions/MX_GeneralizedSchlickBSDF.uexp" 480
"../../../Engine/Content/EngineMaterials/PreintegratedSkinBRDF.uasset" 481
"../../../Engine/Content/EngineMaterials/PreintegratedSkinBRDF.uexp" 482
"../../../Engine/Content/Functions/Engine_MaterialFunctions02/Utility/BreakOutFloat3Components.uasset" 483
"../../../Engine/Content/Functions/Engine_MaterialFunctions02/Utility/BreakOutFloat3Components.uexp" 484
"../../../Engine/Content/Functions/Engine_MaterialFunctions02/SplitComponents.uasset" 485
"../../../Engine/Content/Functions/Engine_MaterialFunctions02/SplitComponents.uexp" 486
"../../../Engine/Content/Functions/Engine_MaterialFunctions02/Math/Transform3x3Matrix.uasset" 487
"../../../Engine/Content/Functions/Engine_MaterialFunctions02/Math/Transform3x3Matrix.uexp" 488
"../../../Engine/Content/VREditor/SnapGrid/SnapGridMaterial.uasset" 489
"../../../Engine/Content/VREditor/SnapGrid/SnapGridMaterial.uexp" 490
"../../../Engine/Content/VREditor/SnapGrid/SnapGridPlaneMesh.ubulk" 491
"../../../Engine/Content/VREditor/SnapGrid/SnapGridPlaneMesh.uasset" 492
"../../../Engine/Content/VREditor/SnapGrid/SnapGridPlaneMesh.uexp" 493
"../../../Engine/Content/VREditor/LaserPointer/VR_LaserPower_01.ubulk" 494
"../../../Engine/Content/VREditor/LaserPointer/VR_LaserPower_01.uasset" 495
"../../../Engine/Content/VREditor/LaserPointer/VR_LaserPower_01.uexp" 496
"../../../Engine/Content/VREditor/TransformGizmo/TransformGizmoMaterial.uasset" 497
"../../../Engine/Content/VREditor/TransformGizmo/TransformGizmoMaterial.uexp" 498
"../../../Engine/Content/VREditor/TransformGizmo/TranslucentTransformGizmoMaterial.uasset" 499
"../../../Engine/Content/VREditor/TransformGizmo/TranslucentTransformGizmoMaterial.uexp" 500
"../../../Engine/Content/VREditor/TransformGizmo/PlaneTranslationHandle.ubulk" 501
"../../../Engine/Content/VREditor/TransformGizmo/PlaneTranslationHandle.uasset" 502
"../../../Engine/Content/VREditor/TransformGizmo/PlaneTranslationHandle.uexp" 503
"../../../Engine/Content/VREditor/TransformGizmo/RotationHandleFull.ubulk" 504
"../../../Engine/Content/VREditor/TransformGizmo/RotationHandleFull.uasset" 505
"../../../Engine/Content/VREditor/TransformGizmo/RotationHandleFull.uexp" 506
"../../../Engine/Content/VREditor/TransformGizmo/RotationHandleIndicator.ubulk" 507
"../../../Engine/Content/VREditor/TransformGizmo/RotationHandleIndicator.uasset" 508
"../../../Engine/Content/VREditor/TransformGizmo/RotationHandleIndicator.uexp" 509
"../../../Engine/Content/VREditor/TransformGizmo/RotationHandleQuarter.ubulk" 510
"../../../Engine/Content/VREditor/TransformGizmo/RotationHandleQuarter.uasset" 511
"../../../Engine/Content/VREditor/TransformGizmo/RotationHandleQuarter.uexp" 512
"../../../Engine/Content/VREditor/TransformGizmo/StartRotationHandleIndicator.ubulk" 513
"../../../Engine/Content/VREditor/TransformGizmo/StartRotationHandleIndicator.uasset" 514
"../../../Engine/Content/VREditor/TransformGizmo/StartRotationHandleIndicator.uexp" 515
"../../../Engine/Content/VREditor/TransformGizmo/TranslucentTransformGizmoMaterial_Inst.uasset" 516
"../../../Engine/Content/VREditor/TransformGizmo/TranslucentTransformGizmoMaterial_Inst.uexp" 517
"../../../Engine/Content/VREditor/TransformGizmo/TransformGizmoFreeRotation.ubulk" 518
"../../../Engine/Content/VREditor/TransformGizmo/TransformGizmoFreeRotation.uasset" 519
"../../../Engine/Content/VREditor/TransformGizmo/TransformGizmoFreeRotation.uexp" 520
"../../../Engine/Content/VREditor/TransformGizmo/TransformGizmoMaterial_Inst.uasset" 521
"../../../Engine/Content/VREditor/TransformGizmo/TransformGizmoMaterial_Inst.uexp" 522
"../../../Engine/Content/VREditor/TransformGizmo/TranslateArrowHandle.ubulk" 523
"../../../Engine/Content/VREditor/TransformGizmo/TranslateArrowHandle.uasset" 524
"../../../Engine/Content/VREditor/TransformGizmo/TranslateArrowHandle.uexp" 525
"../../../Engine/Content/VREditor/TransformGizmo/UniformScaleHandle.ubulk" 526
"../../../Engine/Content/VREditor/TransformGizmo/UniformScaleHandle.uasset" 527
"../../../Engine/Content/VREditor/TransformGizmo/UniformScaleHandle.uexp" 528
"../../../Engine/Content/VREditor/Sounds/UI/Drop_Item_From_ContentBrowser.ubulk" 529
"../../../Engine/Content/VREditor/Sounds/UI/Drop_Item_From_ContentBrowser.uasset" 530
"../../../Engine/Content/VREditor/Sounds/UI/Drop_Item_From_ContentBrowser.uexp" 531
"../../../Engine/Content/VREditor/Sounds/UI/Gizmo_Handle_Clicked.ubulk" 532
"../../../Engine/Content/VREditor/Sounds/UI/Gizmo_Handle_Clicked.uasset" 533
"../../../Engine/Content/VREditor/Sounds/UI/Gizmo_Handle_Clicked.uexp" 534
"../../../Engine/Content/VREditor/Sounds/UI/Object_PickUp.ubulk" 535
"../../../Engine/Content/VREditor/Sounds/UI/Object_PickUp.uasset" 536
"../../../Engine/Content/VREditor/Sounds/UI/Object_PickUp.uexp" 537
"../../../Engine/Content/VREditor/Sounds/UI/Object_Snaps_To_Another_Actor.ubulk" 538
"../../../Engine/Content/VREditor/Sounds/UI/Object_Snaps_To_Another_Actor.uasset" 539
"../../../Engine/Content/VREditor/Sounds/UI/Object_Snaps_To_Another_Actor.uexp" 540
"../../../Engine/Content/VREditor/Sounds/UI/Object_Snaps_To_Grid.ubulk" 541
"../../../Engine/Content/VREditor/Sounds/UI/Object_Snaps_To_Grid.uasset" 542
"../../../Engine/Content/VREditor/Sounds/UI/Object_Snaps_To_Grid.uexp" 543
"../../../Engine/Content/VREditor/Sounds/UI/Scaling_Down.ubulk" 544
"../../../Engine/Content/VREditor/Sounds/UI/Scaling_Down.uasset" 545
"../../../Engine/Content/VREditor/Sounds/UI/Scaling_Down.uexp" 546
"../../../Engine/Content/VREditor/Sounds/UI/Scaling_Up.ubulk" 547
"../../../Engine/Content/VREditor/Sounds/UI/Scaling_Up.uasset" 548
"../../../Engine/Content/VREditor/Sounds/UI/Scaling_Up.uexp" 549
"../../../Engine/Content/VREditor/Sounds/UI/Selection_Changes.ubulk" 550
"../../../Engine/Content/VREditor/Sounds/UI/Selection_Changes.uasset" 551
"../../../Engine/Content/VREditor/Sounds/UI/Selection_Changes.uexp" 552
"../../../Engine/Content/EngineMaterials/RemoveSurfaceMaterial.uasset" 553
"../../../Engine/Content/EngineMaterials/RemoveSurfaceMaterial.uexp" 554
"../../../Engine/Plugins/Animation/ControlRig/Content/Controls/ControlRigGizmoMaterial.uasset" 555
"../../../Engine/Plugins/Animation/ControlRig/Content/Controls/ControlRigGizmoMaterial.uexp" 556
"../../../Engine/Plugins/Animation/ControlRig/Content/Controls/ControlRigXRayMaterial.uasset" 557
"../../../Engine/Plugins/Animation/ControlRig/Content/Controls/ControlRigXRayMaterial.uexp" 558
"../../../Engine/Content/EngineMaterials/SMAAAreaTex.uasset" 559
"../../../Engine/Content/EngineMaterials/SMAAAreaTex.uexp" 560
"../../../Engine/Plugins/Animation/ControlRig/Content/Controls/ControlRig_Arrow2_1mm.ubulk" 561
"../../../Engine/Plugins/Animation/ControlRig/Content/Controls/ControlRig_Arrow2_1mm.uasset" 562
"../../../Engine/Plugins/Animation/ControlRig/Content/Controls/ControlRig_Arrow2_1mm.uexp" 563
"../../../Engine/Content/EngineMaterials/SMAASearchTex.uasset" 564
"../../../Engine/Content/EngineMaterials/SMAASearchTex.uexp" 565
"../../../Engine/Plugins/Animation/ControlRig/Content/Controls/ControlRig_Arrow2_3mm.ubulk" 566
"../../../Engine/Plugins/Animation/ControlRig/Content/Controls/ControlRig_Arrow2_3mm.uasset" 567
"../../../Engine/Plugins/Animation/ControlRig/Content/Controls/ControlRig_Arrow2_3mm.uexp" 568
"../../../Engine/Content/EditorResources/S_Actor.ubulk" 569
"../../../Engine/Content/EditorResources/S_Actor.uasset" 570
"../../../Engine/Content/EditorResources/S_Actor.uexp" 571
"../../../Engine/Plugins/Animation/ControlRig/Content/Controls/ControlRig_Arrow2_solid.ubulk" 572
"../../../Engine/Plugins/Animation/ControlRig/Content/Controls/ControlRig_Arrow2_solid.uasset" 573
"../../../Engine/Plugins/Animation/ControlRig/Content/Controls/ControlRig_Arrow2_solid.uexp" 574
"../../../Engine/Content/EngineSky/C_Sky_Cloud_Color.uasset" 575
"../../../Engine/Content/EngineSky/C_Sky_Cloud_Color.uexp" 576
"../../../Engine/Content/EditorMaterials/PhAT_NoCollisionMaterial.uasset" 577
"../../../Engine/Content/EditorMaterials/PhAT_NoCollisionMaterial.uexp" 578
"../../../Engine/Plugins/Interchange/Assets/Content/Substrate/MX_SimpleVolume.uasset" 579
"../../../Engine/Plugins/Interchange/Assets/Content/Substrate/MX_SimpleVolume.uexp" 580
"../../../Engine/Content/EditorMaterials/PhAT_UnselectedMaterial.uasset" 581
"../../../Engine/Content/EditorMaterials/PhAT_UnselectedMaterial.uexp" 582
"../../../Engine/Plugins/Animation/ControlRig/Content/Controls/ControlRig_Arrow4_1mm.ubulk" 583
"../../../Engine/Plugins/Animation/ControlRig/Content/Controls/ControlRig_Arrow4_1mm.uasset" 584
"../../../Engine/Plugins/Animation/ControlRig/Content/Controls/ControlRig_Arrow4_1mm.uexp" 585
"../../../Engine/Content/EngineSky/M_SimpleSkyDome.uasset" 586
"../../../Engine/Content/EngineSky/M_SimpleSkyDome.uexp" 587
"../../../Engine/Content/EditorResources/S_BoxReflectionCapture.uasset" 588
"../../../Engine/Content/EditorResources/S_BoxReflectionCapture.uexp" 589
"../../../Engine/Plugins/Animation/ControlRig/Content/Controls/ControlRig_Arrow4_3mm.ubulk" 590
"../../../Engine/Plugins/Animation/ControlRig/Content/Controls/ControlRig_Arrow4_3mm.uasset" 591
"../../../Engine/Plugins/Animation/ControlRig/Content/Controls/ControlRig_Arrow4_3mm.uexp" 592
"../../../Engine/Content/EditorMaterials/PreviewShadowIndicator.ubulk" 593
"../../../Engine/Content/EditorMaterials/PreviewShadowIndicator.uasset" 594
"../../../Engine/Content/EditorMaterials/PreviewShadowIndicator.uexp" 595
"../../../Engine/Content/EditorMaterials/PreviewShadowIndicatorMaterial.uasset" 596
"../../../Engine/Content/EditorMaterials/PreviewShadowIndicatorMaterial.uexp" 597
"../../../Engine/Plugins/Animation/ControlRig/Content/Controls/ControlRig_Arrow4_solid.ubulk" 598
"../../../Engine/Plugins/Animation/ControlRig/Content/Controls/ControlRig_Arrow4_solid.uasset" 599
"../../../Engine/Plugins/Animation/ControlRig/Content/Controls/ControlRig_Arrow4_solid.uexp" 600
"../../../Engine/Content/EngineSky/T_Sky_Blue.ubulk" 601
"../../../Engine/Content/EngineSky/T_Sky_Blue.uasset" 602
"../../../Engine/Content/EngineSky/T_Sky_Blue.uexp" 603
"../../../Engine/Content/EngineSky/T_Sky_Clouds_M.ubulk" 604
"../../../Engine/Content/EngineSky/T_Sky_Clouds_M.uasset" 605
"../../../Engine/Content/EngineSky/T_Sky_Clouds_M.uexp" 606
"../../../Engine/Content/EngineSky/T_Sky_Stars.ubulk" 607
"../../../Engine/Content/EngineSky/T_Sky_Stars.uasset" 608
"../../../Engine/Content/EngineSky/T_Sky_Stars.uexp" 609
"../../../Engine/Content/EngineSky/M_Sky_Panning_Clouds2.uasset" 610
"../../../Engine/Content/EngineSky/M_Sky_Panning_Clouds2.uexp" 611
"../../../Engine/Content/EngineSky/SM_SkySphere.ubulk" 612
"../../../Engine/Content/EngineSky/SM_SkySphere.uasset" 613
"../../../Engine/Content/EngineSky/SM_SkySphere.uexp" 614
"../../../Engine/Plugins/Animation/ControlRig/Content/Controls/ControlRig_Arrow_1mm.ubulk" 615
"../../../Engine/Plugins/Animation/ControlRig/Content/Controls/ControlRig_Arrow_1mm.uasset" 616
"../../../Engine/Plugins/Animation/ControlRig/Content/Controls/ControlRig_Arrow_1mm.uexp" 617
"../../../Engine/Content/EngineResources/Development/ZenLogo_64.uasset" 618
"../../../Engine/Content/EngineResources/Development/ZenLogo_64.uexp" 619
"../../../Engine/Plugins/Animation/ControlRig/Content/Controls/ControlRig_Arrow_3mm.ubulk" 620
"../../../Engine/Plugins/Animation/ControlRig/Content/Controls/ControlRig_Arrow_3mm.uasset" 621
"../../../Engine/Plugins/Animation/ControlRig/Content/Controls/ControlRig_Arrow_3mm.uexp" 622
"../../../Engine/Plugins/Animation/ControlRig/Content/Controls/ControlRig_Arrow_solid.ubulk" 623
"../../../Engine/Plugins/Animation/ControlRig/Content/Controls/ControlRig_Arrow_solid.uasset" 624
"../../../Engine/Plugins/Animation/ControlRig/Content/Controls/ControlRig_Arrow_solid.uexp" 625
"../../../Engine/Content/EngineResources/FilmGrains/Marcie_Grain_v3_128_M2_000.uasset" 626
"../../../Engine/Content/EngineResources/FilmGrains/Marcie_Grain_v3_128_M2_000.uexp" 627
"../../../Engine/Plugins/Animation/ControlRig/Content/Controls/ControlRig_Box_1mm.ubulk" 628
"../../../Engine/Plugins/Animation/ControlRig/Content/Controls/ControlRig_Box_1mm.uasset" 629
"../../../Engine/Plugins/Animation/ControlRig/Content/Controls/ControlRig_Box_1mm.uexp" 630
"../../../Engine/Plugins/Animation/ControlRig/Content/Controls/ControlRig_Box_3mm.ubulk" 631
"../../../Engine/Plugins/Animation/ControlRig/Content/Controls/ControlRig_Box_3mm.uasset" 632
"../../../Engine/Plugins/Animation/ControlRig/Content/Controls/ControlRig_Box_3mm.uexp" 633
"../../../Engine/Plugins/Runtime/HairStrands/Content/Materials/HairCardsDefaultMaterial.uasset" 634
"../../../Engine/Plugins/Runtime/HairStrands/Content/Materials/HairCardsDefaultMaterial.uexp" 635
"../../../Engine/Plugins/Animation/ControlRig/Content/Controls/ControlRig_Box_solid.ubulk" 636
"../../../Engine/Plugins/Animation/ControlRig/Content/Controls/ControlRig_Box_solid.uasset" 637
"../../../Engine/Plugins/Animation/ControlRig/Content/Controls/ControlRig_Box_solid.uexp" 638
"../../../Engine/Content/Functions/Engine_MaterialFunctions02/Utility/MakeFloat2.uasset" 639
"../../../Engine/Content/Functions/Engine_MaterialFunctions02/Utility/MakeFloat2.uexp" 640
"../../../Engine/Content/EngineMaterials/HairColorMap.uasset" 641
"../../../Engine/Content/EngineMaterials/HairColorMap.uexp" 642
"../../../Engine/Content/EngineMaterials/HairDebugColor.uasset" 643
"../../../Engine/Content/EngineMaterials/HairDebugColor.uexp" 644
"../../../Engine/Plugins/Runtime/HairStrands/Content/Materials/HairGroupColors.uasset" 645
"../../../Engine/Plugins/Runtime/HairStrands/Content/Materials/HairGroupColors.uexp" 646
"../../../Engine/Plugins/Runtime/HairStrands/Content/Materials/HairDebugMaterial.uasset" 647
"../../../Engine/Plugins/Runtime/HairStrands/Content/Materials/HairDebugMaterial.uexp" 648
"../../../Engine/Plugins/Runtime/HairStrands/Content/Materials/HairDefaultMaterial.uasset" 649
"../../../Engine/Plugins/Runtime/HairStrands/Content/Materials/HairDefaultMaterial.uexp" 650
"../../../Engine/Plugins/Animation/ControlRig/Content/Controls/ControlRig_Circle_1mm.ubulk" 651
"../../../Engine/Plugins/Animation/ControlRig/Content/Controls/ControlRig_Circle_1mm.uasset" 652
"../../../Engine/Plugins/Animation/ControlRig/Content/Controls/ControlRig_Circle_1mm.uexp" 653
"../../../Engine/Plugins/Runtime/HairStrands/Content/Materials/HairMeshesDefaultMaterial.uasset" 654
"../../../Engine/Plugins/Runtime/HairStrands/Content/Materials/HairMeshesDefaultMaterial.uexp" 655
"../../../Engine/Content/Functions/Engine_MaterialFunctions02/Utility/VectorLength.uasset" 656
"../../../Engine/Content/Functions/Engine_MaterialFunctions02/Utility/VectorLength.uexp" 657
"../../../Engine/Plugins/Experimental/MeshModelingToolsetExp/Content/Materials/GetDisplacementVectorForDepthBias.uasset" 658
"../../../Engine/Plugins/Experimental/MeshModelingToolsetExp/Content/Materials/GetDisplacementVectorForDepthBias.uexp" 659
"../../../Engine/Content/Functions/Engine_MaterialFunctions03/Viewport/MF_OrthoWidth.uasset" 660
"../../../Engine/Content/Functions/Engine_MaterialFunctions03/Viewport/MF_OrthoWidth.uexp" 661
"../../../Engine/Content/Functions/Engine_MaterialFunctions02/Utility/FOV.uasset" 662
"../../../Engine/Content/Functions/Engine_MaterialFunctions02/Utility/FOV.uexp" 663
"../../../Engine/Content/Functions/Engine_MaterialFunctions02/WorldPositionOffset/V2/ObjectScale.uasset" 664
"../../../Engine/Content/Functions/Engine_MaterialFunctions02/WorldPositionOffset/V2/ObjectScale.uexp" 665
"../../../Engine/Plugins/Experimental/MeshModelingToolsetExp/Content/Materials/PointSetOverlaidComponentMaterial.uasset" 666
"../../../Engine/Plugins/Experimental/MeshModelingToolsetExp/Content/Materials/PointSetOverlaidComponentMaterial.uexp" 667
"../../../Engine/Plugins/Animation/ControlRig/Content/Controls/ControlRig_Circle_3mm.ubulk" 668
"../../../Engine/Plugins/Animation/ControlRig/Content/Controls/ControlRig_Circle_3mm.uasset" 669
"../../../Engine/Plugins/Animation/ControlRig/Content/Controls/ControlRig_Circle_3mm.uexp" 670
"../../../Engine/Plugins/Animation/ControlRig/Content/Controls/ControlRig_Circle_solid.ubulk" 671
"../../../Engine/Plugins/Animation/ControlRig/Content/Controls/ControlRig_Circle_solid.uasset" 672
"../../../Engine/Plugins/Animation/ControlRig/Content/Controls/ControlRig_Circle_solid.uexp" 673
"../../../Engine/Plugins/Animation/ControlRig/Content/Controls/ControlRig_Diamond_1mm.ubulk" 674
"../../../Engine/Plugins/Animation/ControlRig/Content/Controls/ControlRig_Diamond_1mm.uasset" 675
"../../../Engine/Plugins/Animation/ControlRig/Content/Controls/ControlRig_Diamond_1mm.uexp" 676
"../../../Engine/Content/EditorResources/SequenceRecorder/Countdown.uasset" 677
"../../../Engine/Content/EditorResources/SequenceRecorder/Countdown.uexp" 678
"../../../Engine/Plugins/Animation/ControlRig/Content/Controls/ControlRig_Diamond_3mm.ubulk" 679
"../../../Engine/Plugins/Animation/ControlRig/Content/Controls/ControlRig_Diamond_3mm.uasset" 680
"../../../Engine/Plugins/Animation/ControlRig/Content/Controls/ControlRig_Diamond_3mm.uexp" 681
"../../../Engine/Content/EditorResources/SequenceRecorder/RecordingIndicator.uasset" 682
"../../../Engine/Content/EditorResources/SequenceRecorder/RecordingIndicator.uexp" 683
"../../../Engine/Plugins/Animation/ControlRig/Content/Controls/ControlRig_Diamond_solid.ubulk" 684
"../../../Engine/Plugins/Animation/ControlRig/Content/Controls/ControlRig_Diamond_solid.uasset" 685
"../../../Engine/Plugins/Animation/ControlRig/Content/Controls/ControlRig_Diamond_solid.uexp" 686
"../../../Engine/Plugins/Animation/ControlRig/Content/Controls/ControlRig_HalfCircle_1mm.ubulk" 687
"../../../Engine/Plugins/Animation/ControlRig/Content/Controls/ControlRig_HalfCircle_1mm.uasset" 688
"../../../Engine/Plugins/Animation/ControlRig/Content/Controls/ControlRig_HalfCircle_1mm.uexp" 689
"../../../Engine/Plugins/Runtime/AudioWidgets/Content/Resources/ScrubHandleDown_Clamped.uasset" 690
"../../../Engine/Plugins/Runtime/AudioWidgets/Content/Resources/ScrubHandleDown_Clamped.uexp" 691
"../../../Engine/Content/EditorResources/S_Solver.ubulk" 692
"../../../Engine/Content/EditorResources/S_Solver.uasset" 693
"../../../Engine/Content/EditorResources/S_Solver.uexp" 694
"../../../Engine/Plugins/Animation/ControlRig/Content/Controls/ControlRig_HalfCircle_3mm.ubulk" 695
"../../../Engine/Plugins/Animation/ControlRig/Content/Controls/ControlRig_HalfCircle_3mm.uasset" 696
"../../../Engine/Plugins/Animation/ControlRig/Content/Controls/ControlRig_HalfCircle_3mm.uexp" 697
"../../../Engine/Plugins/Animation/ControlRig/Content/Controls/ControlRig_HalfCircle_solid.ubulk" 698
"../../../Engine/Plugins/Animation/ControlRig/Content/Controls/ControlRig_HalfCircle_solid.uasset" 699
"../../../Engine/Plugins/Animation/ControlRig/Content/Controls/ControlRig_HalfCircle_solid.uexp" 700
"../../../Engine/Content/EditorResources/S_Terrain.ubulk" 701
"../../../Engine/Content/EditorResources/S_Terrain.uasset" 702
"../../../Engine/Content/EditorResources/S_Terrain.uexp" 703
"../../../Engine/Plugins/Animation/ControlRig/Content/Controls/ControlRig_Hexagon_1mm.ubulk" 704
"../../../Engine/Plugins/Animation/ControlRig/Content/Controls/ControlRig_Hexagon_1mm.uasset" 705
"../../../Engine/Plugins/Animation/ControlRig/Content/Controls/ControlRig_Hexagon_1mm.uexp" 706
"../../../Engine/Plugins/Animation/ControlRig/Content/Controls/ControlRig_Hexagon_3mm.ubulk" 707
"../../../Engine/Plugins/Animation/ControlRig/Content/Controls/ControlRig_Hexagon_3mm.uasset" 708
"../../../Engine/Plugins/Animation/ControlRig/Content/Controls/ControlRig_Hexagon_3mm.uexp" 709
"../../../Engine/Content/EditorResources/S_Trigger.ubulk" 710
"../../../Engine/Content/EditorResources/S_Trigger.uasset" 711
"../../../Engine/Content/EditorResources/S_Trigger.uexp" 712
"../../../Engine/Plugins/Animation/ControlRig/Content/Controls/ControlRig_Hexagon_solid.ubulk" 713
"../../../Engine/Plugins/Animation/ControlRig/Content/Controls/ControlRig_Hexagon_solid.uasset" 714
"../../../Engine/Plugins/Animation/ControlRig/Content/Controls/ControlRig_Hexagon_solid.uexp" 715
"../../../Engine/Content/EditorMaterials/ParticleSystems/PSysThumbnail_NoImage.ubulk" 716
"../../../Engine/Content/EditorMaterials/ParticleSystems/PSysThumbnail_NoImage.uasset" 717
"../../../Engine/Content/EditorMaterials/ParticleSystems/PSysThumbnail_NoImage.uexp" 718
"../../../Engine/Content/EditorMaterials/ParticleSystems/PSysThumbnail_OOD.ubulk" 719
"../../../Engine/Content/EditorMaterials/ParticleSystems/PSysThumbnail_OOD.uasset" 720
"../../../Engine/Content/EditorMaterials/ParticleSystems/PSysThumbnail_OOD.uexp" 721
"../../../Engine/Content/EditorMaterials/Dataflow/DataflowTwoSidedVertexMaterial.uasset" 722
"../../../Engine/Content/EditorMaterials/Dataflow/DataflowTwoSidedVertexMaterial.uexp" 723
"../../../Engine/Content/EditorMaterials/Dataflow/DataflowVertexMaterial.uasset" 724
"../../../Engine/Content/EditorMaterials/Dataflow/DataflowVertexMaterial.uexp" 725
"../../../Engine/Content/EditorMaterials/Camera/CineMat.uasset" 726
"../../../Engine/Content/EditorMaterials/Camera/CineMat.uexp" 727
"../../../Engine/Content/EditorMaterials/Camera/MI_CineMat_Rig.uasset" 728
"../../../Engine/Content/EditorMaterials/Camera/MI_CineMat_Rig.uexp" 729
"../../../Engine/Content/EditorMeshes/Camera/SM_CraneRig_Arm.ubulk" 730
"../../../Engine/Content/EditorMeshes/Camera/SM_CraneRig_Arm.uasset" 731
"../../../Engine/Content/EditorMeshes/Camera/SM_CraneRig_Arm.uexp" 732
"../../../Engine/Content/EditorMeshes/Camera/SM_CraneRig_Base.ubulk" 733
"../../../Engine/Content/EditorMeshes/Camera/SM_CraneRig_Base.uasset" 734
"../../../Engine/Content/EditorMeshes/Camera/SM_CraneRig_Base.uexp" 735
"../../../Engine/Content/EditorMeshes/Camera/SM_CraneRig_Body.ubulk" 736
"../../../Engine/Content/EditorMeshes/Camera/SM_CraneRig_Body.uasset" 737
"../../../Engine/Content/EditorMeshes/Camera/SM_CraneRig_Body.uexp" 738
"../../../Engine/Content/EditorMeshes/Camera/SM_CraneRig_Mount.ubulk" 739
"../../../Engine/Content/EditorMeshes/Camera/SM_CraneRig_Mount.uasset" 740
"../../../Engine/Content/EditorMeshes/Camera/SM_CraneRig_Mount.uexp" 741
"../../../Engine/Content/EditorMeshes/Camera/SM_RailRig_Mount.ubulk" 742
"../../../Engine/Content/EditorMeshes/Camera/SM_RailRig_Mount.uasset" 743
"../../../Engine/Content/EditorMeshes/Camera/SM_RailRig_Mount.uexp" 744
"../../../Engine/Content/EngineMaterials/EnergyConservation/Diffuse_Energy.uasset" 745
"../../../Engine/Content/EngineMaterials/EnergyConservation/Diffuse_Energy.uexp" 746
"../../../Engine/Content/EditorMeshes/Camera/SM_RailRig_Track.ubulk" 747
"../../../Engine/Content/EditorMeshes/Camera/SM_RailRig_Track.uasset" 748
"../../../Engine/Content/EditorMeshes/Camera/SM_RailRig_Track.uexp" 749
"../../../Engine/Content/EngineMaterials/EnergyConservation/GGX_ReflectionEnergy.uasset" 750
"../../../Engine/Content/EngineMaterials/EnergyConservation/GGX_ReflectionEnergy.uexp" 751
"../../../Engine/Content/EngineMaterials/EnergyConservation/GGX_TransmissionEnergyArray.uasset" 752
"../../../Engine/Content/EngineMaterials/EnergyConservation/GGX_TransmissionEnergyArray.uexp" 753
"../../../Engine/Content/EngineMaterials/EnergyConservation/SheenLegacy_Energy.uasset" 754
"../../../Engine/Content/EngineMaterials/EnergyConservation/SheenLegacy_Energy.uexp" 755
"../../../Engine/Content/EngineMaterials/EnergyConservation/Sheen_Energy.uasset" 756
"../../../Engine/Content/EngineMaterials/EnergyConservation/Sheen_Energy.uexp" 757
"../../../Engine/Content/EngineMaterials/LTC/GGX_LTCAmp.uasset" 758
"../../../Engine/Content/EngineMaterials/LTC/GGX_LTCAmp.uexp" 759
"../../../Engine/Content/EngineMaterials/LTC/GGX_LTCMat.uasset" 760
"../../../Engine/Content/EngineMaterials/LTC/GGX_LTCMat.uexp" 761
"../../../Engine/Content/EngineMaterials/LTC/Sheen_LTC.uasset" 762
"../../../Engine/Content/EngineMaterials/LTC/Sheen_LTC.uexp" 763
"../../../Engine/Plugins/Animation/DeformerGraph/Content/DeformerFunctions/DG_Function_LinearBlendSkin_Morph_Cloth.uasset" 764
"../../../Engine/Plugins/Animation/DeformerGraph/Content/DeformerFunctions/DG_Function_LinearBlendSkin_Morph_Cloth.uexp" 765
"../../../Engine/Plugins/Animation/DeformerGraph/Content/Deformers/DG_LinearBlendSkin_Morph_Cloth.uasset" 766
"../../../Engine/Plugins/Animation/DeformerGraph/Content/Deformers/DG_LinearBlendSkin_Morph_Cloth.uexp" 767
"../../../Engine/Plugins/Animation/DeformerGraph/Content/DeformerFunctions/DG_Function_ComputeNormalsTangents.uasset" 768
"../../../Engine/Plugins/Animation/DeformerGraph/Content/DeformerFunctions/DG_Function_ComputeNormalsTangents.uexp" 769
"../../../Engine/Plugins/Animation/DeformerGraph/Content/DeformerFunctions/DG_Function_LinearBlendSkin_Morph_Cloth_PositionOnly.uasset" 770
"../../../Engine/Plugins/Animation/DeformerGraph/Content/DeformerFunctions/DG_Function_LinearBlendSkin_Morph_Cloth_PositionOnly.uexp" 771
"../../../Engine/Plugins/Animation/DeformerGraph/Content/Deformers/DG_LinearBlendSkin_Morph_Cloth_RecomputeNormals.uasset" 772
"../../../Engine/Plugins/Animation/DeformerGraph/Content/Deformers/DG_LinearBlendSkin_Morph_Cloth_RecomputeNormals.uexp" 773
"../../../Engine/Content/EngineMaterials/BlendFunc_DefBase.uasset" 774
"../../../Engine/Content/EngineMaterials/BlendFunc_DefBase.uexp" 775
"../../../Engine/Content/EngineMaterials/BlendFunc_DefBlend.uasset" 776
"../../../Engine/Content/EngineMaterials/BlendFunc_DefBlend.uexp" 777
"../../../Engine/Content/Functions/Engine_MaterialFunctions03/Blends/Blend_Overlay.uasset" 778
"../../../Engine/Content/Functions/Engine_MaterialFunctions03/Blends/Blend_Overlay.uexp" 779
"../../../Engine/Content/Functions/Engine_MaterialFunctions01/Gradient/LinearGradient.uasset" 780
"../../../Engine/Content/Functions/Engine_MaterialFunctions01/Gradient/LinearGradient.uexp" 781
"../../../Engine/Content/Functions/Engine_MaterialFunctions01/ImageAdjustment/CheapContrast.uasset" 782
"../../../Engine/Content/Functions/Engine_MaterialFunctions01/ImageAdjustment/CheapContrast.uexp" 783
"../../../Engine/Content/OpenWorldTemplate/LandscapeMaterial/T_GridChecker_A.ubulk" 784
"../../../Engine/Content/OpenWorldTemplate/LandscapeMaterial/T_GridChecker_A.uasset" 785
"../../../Engine/Content/OpenWorldTemplate/LandscapeMaterial/T_GridChecker_A.uexp" 786
"../../../Engine/Content/OpenWorldTemplate/LandscapeMaterial/MF_ProcGrid.uasset" 787
"../../../Engine/Content/OpenWorldTemplate/LandscapeMaterial/MF_ProcGrid.uexp" 788
"../../../Engine/Content/OpenWorldTemplate/LandscapeMaterial/M_ProcGrid.uasset" 789
"../../../Engine/Content/OpenWorldTemplate/LandscapeMaterial/M_ProcGrid.uexp" 790
"../../../Engine/Content/VREditor/TransformGizmo/BoundingBoxCorner.ubulk" 791
"../../../Engine/Content/VREditor/TransformGizmo/BoundingBoxCorner.uasset" 792
"../../../Engine/Content/VREditor/TransformGizmo/BoundingBoxCorner.uexp" 793
"../../../Engine/Content/VREditor/TransformGizmo/BoundingBoxEdge.ubulk" 794
"../../../Engine/Content/VREditor/TransformGizmo/BoundingBoxEdge.uasset" 795
"../../../Engine/Content/VREditor/TransformGizmo/BoundingBoxEdge.uexp" 796
"../../../Engine/Content/Functions/Engine_MaterialFunctions02/WorldPositionOffset/ObjectScale.uasset" 797
"../../../Engine/Content/Functions/Engine_MaterialFunctions02/WorldPositionOffset/ObjectScale.uexp" 798
"../../../Engine/Plugins/Editor/SpeedTreeImporter/Content/SpeedTree9/Empty.uasset" 799
"../../../Engine/Plugins/Editor/SpeedTreeImporter/Content/SpeedTree9/Empty.uexp" 800
"../../../Engine/Plugins/Editor/SpeedTreeImporter/Content/SpeedTree9/EmptyNormal.uasset" 801
"../../../Engine/Plugins/Editor/SpeedTreeImporter/Content/SpeedTree9/EmptyNormal.uexp" 802
"../../../Engine/Plugins/Editor/SpeedTreeImporter/Content/SpeedTree9/game_wind_noise.ubulk" 803
"../../../Engine/Plugins/Editor/SpeedTreeImporter/Content/SpeedTree9/game_wind_noise.uasset" 804
"../../../Engine/Plugins/Editor/SpeedTreeImporter/Content/SpeedTree9/game_wind_noise.uexp" 805
"../../../Engine/Plugins/Editor/SpeedTreeImporter/Content/SpeedTree9/SpeedTreeBillboard.uasset" 806
"../../../Engine/Plugins/Editor/SpeedTreeImporter/Content/SpeedTree9/SpeedTreeBillboard.uexp" 807
"../../../Engine/Content/Functions/Engine_MaterialFunctions02/SafeNormalize.uasset" 808
"../../../Engine/Content/Functions/Engine_MaterialFunctions02/SafeNormalize.uexp" 809
"../../../Engine/Plugins/Editor/SpeedTreeImporter/Content/SpeedTree9/SpeedTreeWindMotion.uasset" 810
"../../../Engine/Plugins/Editor/SpeedTreeImporter/Content/SpeedTree9/SpeedTreeWindMotion.uexp" 811
"../../../Engine/Plugins/Editor/SpeedTreeImporter/Content/SpeedTree9/UnpackDirection.uasset" 812
"../../../Engine/Plugins/Editor/SpeedTreeImporter/Content/SpeedTree9/UnpackDirection.uexp" 813
"../../../Engine/Plugins/Editor/SpeedTreeImporter/Content/SpeedTree9/UnpackInteger3.uasset" 814
"../../../Engine/Plugins/Editor/SpeedTreeImporter/Content/SpeedTree9/UnpackInteger3.uexp" 815
"../../../Engine/Plugins/Editor/SpeedTreeImporter/Content/SpeedTree9/SpeedTreeBranchMotion.uasset" 816
"../../../Engine/Plugins/Editor/SpeedTreeImporter/Content/SpeedTree9/SpeedTreeBranchMotion.uexp" 817
"../../../Engine/Content/Functions/Engine_MaterialFunctions02/ObjectLocalBounds.uasset" 818
"../../../Engine/Content/Functions/Engine_MaterialFunctions02/ObjectLocalBounds.uexp" 819
"../../../Engine/Content/Functions/Engine_MaterialFunctions02/UVs/BoundingBoxBased_0-1_UVW.uasset" 820
"../../../Engine/Content/Functions/Engine_MaterialFunctions02/UVs/BoundingBoxBased_0-1_UVW.uexp" 821
"../../../Engine/Plugins/Editor/SpeedTreeImporter/Content/SpeedTree9/SpeedTreeWind.uasset" 822
"../../../Engine/Plugins/Editor/SpeedTreeImporter/Content/SpeedTree9/SpeedTreeWind.uexp" 823
"../../../Engine/Plugins/Editor/SpeedTreeImporter/Content/SpeedTree9/SpeedTreeBillboardMaster.uasset" 824
"../../../Engine/Plugins/Editor/SpeedTreeImporter/Content/SpeedTree9/SpeedTreeBillboardMaster.uexp" 825
"../../../Engine/Plugins/Editor/SpeedTreeImporter/Content/SpeedTree9/SpeedTreeCameraFacing.uasset" 826
"../../../Engine/Plugins/Editor/SpeedTreeImporter/Content/SpeedTree9/SpeedTreeCameraFacing.uexp" 827
"../../../Engine/Plugins/Editor/SpeedTreeImporter/Content/SpeedTree9/SpeedTreeMaster.uasset" 828
"../../../Engine/Plugins/Editor/SpeedTreeImporter/Content/SpeedTree9/SpeedTreeMaster.uexp" 829
"../../../Engine/Content/EngineMaterials/Substrate/GLints/AGlintTex2dArray.uasset" 830
"../../../Engine/Content/EngineMaterials/Substrate/GLints/AGlintTex2dArray.uexp" 831
"../../../Engine/Content/Functions/Engine_MaterialFunctions01/Texturing/FlattenNormal.uasset" 832
"../../../Engine/Content/Functions/Engine_MaterialFunctions01/Texturing/FlattenNormal.uexp" 833
"../../../Engine/Plugins/Interchange/Assets/Content/Utilities/New_LUT.uasset" 834
"../../../Engine/Plugins/Interchange/Assets/Content/Utilities/New_LUT.uexp" 835
"../../../Engine/Content/Functions/Engine_MaterialFunctions03/Math/RemapValueRange.uasset" 836
"../../../Engine/Content/Functions/Engine_MaterialFunctions03/Math/RemapValueRange.uexp" 837
"../../../Engine/Plugins/Interchange/Assets/Content/Functions/MF_Iridescence.uasset" 838
"../../../Engine/Plugins/Interchange/Assets/Content/Functions/MF_Iridescence.uexp" 839
"../../../Engine/Plugins/Interchange/Assets/Content/gltf/Textures/T_White_srgb.uasset" 840
"../../../Engine/Plugins/Interchange/Assets/Content/gltf/Textures/T_White_srgb.uexp" 841
"../../../Engine/Plugins/Interchange/Assets/Content/gltf/MaterialFunctions/MF_BaseColor.uasset" 842
"../../../Engine/Plugins/Interchange/Assets/Content/gltf/MaterialFunctions/MF_BaseColor.uexp" 843
"../../../Engine/Plugins/Interchange/Assets/Content/gltf/MaterialFunctions/MF_RotateNormals_TS.uasset" 844
"../../../Engine/Plugins/Interchange/Assets/Content/gltf/MaterialFunctions/MF_RotateNormals_TS.uexp" 845
"../../../Engine/Plugins/Interchange/Assets/Content/gltf/Textures/T_Generic_N.uasset" 846
"../../../Engine/Plugins/Interchange/Assets/Content/gltf/Textures/T_Generic_N.uexp" 847
"../../../Engine/Plugins/Interchange/Assets/Content/gltf/Textures/T_White_Linear.uasset" 848
"../../../Engine/Plugins/Interchange/Assets/Content/gltf/Textures/T_White_Linear.uexp" 849
"../../../Engine/Plugins/Interchange/Assets/Content/gltf/MaterialFunctions/MF_Clearcoat.uasset" 850
"../../../Engine/Plugins/Interchange/Assets/Content/gltf/MaterialFunctions/MF_Clearcoat.uexp" 851
"../../../Engine/Plugins/Interchange/Assets/Content/gltf/MaterialFunctions/MF_Emissive.uasset" 852
"../../../Engine/Plugins/Interchange/Assets/Content/gltf/MaterialFunctions/MF_Emissive.uexp" 853
"../../../Engine/Plugins/Interchange/Assets/Content/gltf/MaterialFunctions/MF_IOR.uasset" 854
"../../../Engine/Plugins/Interchange/Assets/Content/gltf/MaterialFunctions/MF_IOR.uexp" 855
"../../../Engine/Plugins/Interchange/Assets/Content/gltf/MaterialFunctions/MF_Iridescence.uasset" 856
"../../../Engine/Plugins/Interchange/Assets/Content/gltf/MaterialFunctions/MF_Iridescence.uexp" 857
"../../../Engine/Plugins/Interchange/Assets/Content/gltf/MaterialFunctions/MF_MetallicRoughness.uasset" 858
"../../../Engine/Plugins/Interchange/Assets/Content/gltf/MaterialFunctions/MF_MetallicRoughness.uexp" 859
"../../../Engine/Plugins/Interchange/Assets/Content/gltf/MaterialFunctions/MF_ScaleNormal.uasset" 860
"../../../Engine/Plugins/Interchange/Assets/Content/gltf/MaterialFunctions/MF_ScaleNormal.uexp" 861
"../../../Engine/Plugins/Interchange/Assets/Content/gltf/MaterialFunctions/MF_Normals.uasset" 862
"../../../Engine/Plugins/Interchange/Assets/Content/gltf/MaterialFunctions/MF_Normals.uexp" 863
"../../../Engine/Plugins/Interchange/Assets/Content/gltf/MaterialFunctions/MF_Occlusion.uasset" 864
"../../../Engine/Plugins/Interchange/Assets/Content/gltf/MaterialFunctions/MF_Occlusion.uexp" 865
"../../../Engine/Plugins/Interchange/Assets/Content/gltf/MaterialFunctions/MF_Specular.uasset" 866
"../../../Engine/Plugins/Interchange/Assets/Content/gltf/MaterialFunctions/MF_Specular.uexp" 867
"../../../Engine/Plugins/Interchange/Assets/Content/gltf/Textures/T_Anisotropy_Direction_Linear.uasset" 868
"../../../Engine/Plugins/Interchange/Assets/Content/gltf/Textures/T_Anisotropy_Direction_Linear.uexp" 869
"../../../Engine/Plugins/Interchange/Assets/Content/gltf/MaterialFunctions/MF_SpecularAnisotropy.uasset" 870
"../../../Engine/Plugins/Interchange/Assets/Content/gltf/MaterialFunctions/MF_SpecularAnisotropy.uexp" 871
"../../../Engine/Plugins/Interchange/Assets/Content/gltf/MaterialFunctions/MF_RotateV2.uasset" 872
"../../../Engine/Plugins/Interchange/Assets/Content/gltf/MaterialFunctions/MF_RotateV2.uexp" 873
"../../../Engine/Plugins/Interchange/Assets/Content/gltf/MaterialFunctions/MF_TransformUVs.uasset" 874
"../../../Engine/Plugins/Interchange/Assets/Content/gltf/MaterialFunctions/MF_TransformUVs.uexp" 875
"../../../Engine/Plugins/Interchange/Assets/Content/gltf/MaterialBodies/MF_ClearCoat_Body.uasset" 876
"../../../Engine/Plugins/Interchange/Assets/Content/gltf/MaterialBodies/MF_ClearCoat_Body.uexp" 877
"../../../Engine/Plugins/Interchange/Assets/Content/gltf/M_ClearCoat.uasset" 878
"../../../Engine/Plugins/Interchange/Assets/Content/gltf/M_ClearCoat.uexp" 879
"../../../Engine/Plugins/Interchange/Assets/Content/gltf/MaterialInstances/MI_ClearCoat_Blend.uasset" 880
"../../../Engine/Plugins/Interchange/Assets/Content/gltf/MaterialInstances/MI_ClearCoat_Blend.uexp" 881
"../../../Engine/Plugins/Interchange/Assets/Content/gltf/MaterialInstances/MI_ClearCoat_Blend_DS.uasset" 882
"../../../Engine/Plugins/Interchange/Assets/Content/gltf/MaterialInstances/MI_ClearCoat_Blend_DS.uexp" 883
"../../../Engine/Plugins/Interchange/Assets/Content/gltf/MaterialInstances/MI_ClearCoat_Mask.uasset" 884
"../../../Engine/Plugins/Interchange/Assets/Content/gltf/MaterialInstances/MI_ClearCoat_Mask.uexp" 885
"../../../Engine/Plugins/Interchange/Assets/Content/gltf/MaterialInstances/MI_ClearCoat_Mask_DS.uasset" 886
"../../../Engine/Plugins/Interchange/Assets/Content/gltf/MaterialInstances/MI_ClearCoat_Mask_DS.uexp" 887
"../../../Engine/Plugins/Interchange/Assets/Content/gltf/MaterialInstances/MI_ClearCoat_Opaque.uasset" 888
"../../../Engine/Plugins/Interchange/Assets/Content/gltf/MaterialInstances/MI_ClearCoat_Opaque.uexp" 889
"../../../Engine/Plugins/Interchange/Assets/Content/gltf/MaterialInstances/MI_ClearCoat_Opaque_DS.uasset" 890
"../../../Engine/Plugins/Interchange/Assets/Content/gltf/MaterialInstances/MI_ClearCoat_Opaque_DS.uexp" 891
"../../../Engine/Plugins/Interchange/Assets/Content/gltf/MaterialBodies/MF_Default_Body.uasset" 892
"../../../Engine/Plugins/Interchange/Assets/Content/gltf/MaterialBodies/MF_Default_Body.uexp" 893
"../../../Engine/Plugins/Interchange/Assets/Content/gltf/M_Default.uasset" 894
"../../../Engine/Plugins/Interchange/Assets/Content/gltf/M_Default.uexp" 895
"../../../Engine/Plugins/Interchange/Assets/Content/gltf/MaterialInstances/MI_Default_Blend.uasset" 896
"../../../Engine/Plugins/Interchange/Assets/Content/gltf/MaterialInstances/MI_Default_Blend.uexp" 897
"../../../Engine/Plugins/Interchange/Assets/Content/gltf/MaterialInstances/MI_Default_Blend_DS.uasset" 898
"../../../Engine/Plugins/Interchange/Assets/Content/gltf/MaterialInstances/MI_Default_Blend_DS.uexp" 899
"../../../Engine/Plugins/Interchange/Assets/Content/gltf/MaterialInstances/MI_Default_Mask.uasset" 900
"../../../Engine/Plugins/Interchange/Assets/Content/gltf/MaterialInstances/MI_Default_Mask.uexp" 901
"../../../Engine/Plugins/Interchange/Assets/Content/gltf/MaterialInstances/MI_Default_Mask_DS.uasset" 902
"../../../Engine/Plugins/Interchange/Assets/Content/gltf/MaterialInstances/MI_Default_Mask_DS.uexp" 903
"../../../Engine/Plugins/Interchange/Assets/Content/gltf/MaterialInstances/MI_Default_Opaque.uasset" 904
"../../../Engine/Plugins/Interchange/Assets/Content/gltf/MaterialInstances/MI_Default_Opaque.uexp" 905
"../../../Engine/Plugins/Interchange/Assets/Content/gltf/MaterialInstances/MI_Default_Opaque_DS.uasset" 906
"../../../Engine/Plugins/Interchange/Assets/Content/gltf/MaterialInstances/MI_Default_Opaque_DS.uexp" 907
"../../../Engine/Plugins/Interchange/Assets/Content/gltf/MaterialFunctions/MF_Sheen.uasset" 908
"../../../Engine/Plugins/Interchange/Assets/Content/gltf/MaterialFunctions/MF_Sheen.uexp" 909
"../../../Engine/Plugins/Interchange/Assets/Content/gltf/MaterialBodies/MF_Sheen_Body.uasset" 910
"../../../Engine/Plugins/Interchange/Assets/Content/gltf/MaterialBodies/MF_Sheen_Body.uexp" 911
"../../../Engine/Plugins/Interchange/Assets/Content/gltf/M_Sheen.uasset" 912
"../../../Engine/Plugins/Interchange/Assets/Content/gltf/M_Sheen.uexp" 913
"../../../Engine/Plugins/Interchange/Assets/Content/gltf/MaterialInstances/MI_Sheen_Blend.uasset" 914
"../../../Engine/Plugins/Interchange/Assets/Content/gltf/MaterialInstances/MI_Sheen_Blend.uexp" 915
"../../../Engine/Plugins/Interchange/Assets/Content/gltf/MaterialInstances/MI_Sheen_Blend_DS.uasset" 916
"../../../Engine/Plugins/Interchange/Assets/Content/gltf/MaterialInstances/MI_Sheen_Blend_DS.uexp" 917
"../../../Engine/Plugins/Interchange/Assets/Content/gltf/MaterialInstances/MI_Sheen_Mask.uasset" 918
"../../../Engine/Plugins/Interchange/Assets/Content/gltf/MaterialInstances/MI_Sheen_Mask.uexp" 919
"../../../Engine/Plugins/Interchange/Assets/Content/gltf/MaterialInstances/MI_Sheen_Mask_DS.uasset" 920
"../../../Engine/Plugins/Interchange/Assets/Content/gltf/MaterialInstances/MI_Sheen_Mask_DS.uexp" 921
"../../../Engine/Plugins/Interchange/Assets/Content/gltf/MaterialInstances/MI_Sheen_Opaque.uasset" 922
"../../../Engine/Plugins/Interchange/Assets/Content/gltf/MaterialInstances/MI_Sheen_Opaque.uexp" 923
"../../../Engine/Plugins/Interchange/Assets/Content/gltf/MaterialInstances/MI_Sheen_Opaque_DS.uasset" 924
"../../../Engine/Plugins/Interchange/Assets/Content/gltf/MaterialInstances/MI_Sheen_Opaque_DS.uexp" 925
"../../../Engine/Plugins/Interchange/Assets/Content/gltf/MaterialFunctions/MF_DiffuseSpecGloss.uasset" 926
"../../../Engine/Plugins/Interchange/Assets/Content/gltf/MaterialFunctions/MF_DiffuseSpecGloss.uexp" 927
"../../../Engine/Plugins/Interchange/Assets/Content/gltf/MaterialFunctions/MF_MaxComponentValue.uasset" 928
"../../../Engine/Plugins/Interchange/Assets/Content/gltf/MaterialFunctions/MF_MaxComponentValue.uexp" 929
"../../../Engine/Content/Functions/Engine_MaterialFunctions02/Math/AddComponents.uasset" 930
"../../../Engine/Content/Functions/Engine_MaterialFunctions02/Math/AddComponents.uexp" 931
"../../../Engine/Plugins/Interchange/Assets/Content/gltf/MaterialFunctions/MF_PerceivedBrightness.uasset" 932
"../../../Engine/Plugins/Interchange/Assets/Content/gltf/MaterialFunctions/MF_PerceivedBrightness.uexp" 933
"../../../Engine/Plugins/Interchange/Assets/Content/gltf/MaterialFunctions/MF_SpecGlossToMetalRoughness.uasset" 934
"../../../Engine/Plugins/Interchange/Assets/Content/gltf/MaterialFunctions/MF_SpecGlossToMetalRoughness.uexp" 935
"../../../Engine/Plugins/Interchange/Assets/Content/gltf/MaterialBodies/MF_SpecularGlossiness_Body.uasset" 936
"../../../Engine/Plugins/Interchange/Assets/Content/gltf/MaterialBodies/MF_SpecularGlossiness_Body.uexp" 937
"../../../Engine/Plugins/Interchange/Assets/Content/gltf/M_SpecularGlossiness.uasset" 938
"../../../Engine/Plugins/Interchange/Assets/Content/gltf/M_SpecularGlossiness.uexp" 939
"../../../Engine/Plugins/Interchange/Assets/Content/gltf/MaterialInstances/MI_SpecularGlossiness_Blend.uasset" 940
"../../../Engine/Plugins/Interchange/Assets/Content/gltf/MaterialInstances/MI_SpecularGlossiness_Blend.uexp" 941
"../../../Engine/Plugins/Interchange/Assets/Content/gltf/MaterialInstances/MI_SpecularGlossiness_Blend_DS.uasset" 942
"../../../Engine/Plugins/Interchange/Assets/Content/gltf/MaterialInstances/MI_SpecularGlossiness_Blend_DS.uexp" 943
"../../../Engine/Plugins/Interchange/Assets/Content/gltf/MaterialInstances/MI_SpecularGlossiness_Mask.uasset" 944
"../../../Engine/Plugins/Interchange/Assets/Content/gltf/MaterialInstances/MI_SpecularGlossiness_Mask.uexp" 945
"../../../Engine/Plugins/Interchange/Assets/Content/gltf/MaterialInstances/MI_SpecularGlossiness_Mask_DS.uasset" 946
"../../../Engine/Plugins/Interchange/Assets/Content/gltf/MaterialInstances/MI_SpecularGlossiness_Mask_DS.uexp" 947
"../../../Engine/Plugins/Interchange/Assets/Content/gltf/MaterialInstances/MI_SpecularGlossiness_Opaque.uasset" 948
"../../../Engine/Plugins/Interchange/Assets/Content/gltf/MaterialInstances/MI_SpecularGlossiness_Opaque.uexp" 949
"../../../Engine/Plugins/Interchange/Assets/Content/gltf/MaterialInstances/MI_SpecularGlossiness_Opaque_DS.uasset" 950
"../../../Engine/Plugins/Interchange/Assets/Content/gltf/MaterialInstances/MI_SpecularGlossiness_Opaque_DS.uexp" 951
"../../../Engine/Content/EngineMaterials/Good64x64TilingNoiseHighFreq.uasset" 952
"../../../Engine/Content/EngineMaterials/Good64x64TilingNoiseHighFreq.uexp" 953
"../../../Engine/Content/Functions/Engine_MaterialFunctions02/Texturing/ScreenAlignedPixelToPixelUVs.uasset" 954
"../../../Engine/Content/Functions/Engine_MaterialFunctions02/Texturing/ScreenAlignedPixelToPixelUVs.uexp" 955
"../../../Engine/Plugins/Interchange/Assets/Content/gltf/MaterialFunctions/MF_Fresnel_DS.uasset" 956
"../../../Engine/Plugins/Interchange/Assets/Content/gltf/MaterialFunctions/MF_Fresnel_DS.uexp" 957
"../../../Engine/Plugins/Interchange/Assets/Content/gltf/MaterialFunctions/MF_Temporal_Blur.uasset" 958
"../../../Engine/Plugins/Interchange/Assets/Content/gltf/MaterialFunctions/MF_Temporal_Blur.uexp" 959
"../../../Engine/Plugins/Interchange/Assets/Content/gltf/MaterialFunctions/MF_Transmission.uasset" 960
"../../../Engine/Plugins/Interchange/Assets/Content/gltf/MaterialFunctions/MF_Transmission.uexp" 961
"../../../Engine/Plugins/Interchange/Assets/Content/gltf/MaterialBodies/MF_Transmission_Body.uasset" 962
"../../../Engine/Plugins/Interchange/Assets/Content/gltf/MaterialBodies/MF_Transmission_Body.uexp" 963
"../../../Engine/Plugins/Interchange/Assets/Content/gltf/M_Transmission.uasset" 964
"../../../Engine/Plugins/Interchange/Assets/Content/gltf/M_Transmission.uexp" 965
"../../../Engine/Plugins/Interchange/Assets/Content/gltf/MaterialInstances/MI_Transmission.uasset" 966
"../../../Engine/Plugins/Interchange/Assets/Content/gltf/MaterialInstances/MI_Transmission.uexp" 967
"../../../Engine/Plugins/Interchange/Assets/Content/gltf/MaterialInstances/MI_Transmission_DS.uasset" 968
"../../../Engine/Plugins/Interchange/Assets/Content/gltf/MaterialInstances/MI_Transmission_DS.uexp" 969
"../../../Engine/Plugins/Interchange/Assets/Content/gltf/MaterialBodies/MF_Unlit_Body.uasset" 970
"../../../Engine/Plugins/Interchange/Assets/Content/gltf/MaterialBodies/MF_Unlit_Body.uexp" 971
"../../../Engine/Plugins/Interchange/Assets/Content/gltf/M_Unlit.uasset" 972
"../../../Engine/Plugins/Interchange/Assets/Content/gltf/M_Unlit.uexp" 973
"../../../Engine/Plugins/Interchange/Assets/Content/gltf/MaterialInstances/MI_Unlit_Blend.uasset" 974
"../../../Engine/Plugins/Interchange/Assets/Content/gltf/MaterialInstances/MI_Unlit_Blend.uexp" 975
"../../../Engine/Plugins/Interchange/Assets/Content/gltf/MaterialInstances/MI_Unlit_Blend_DS.uasset" 976
"../../../Engine/Plugins/Interchange/Assets/Content/gltf/MaterialInstances/MI_Unlit_Blend_DS.uexp" 977
"../../../Engine/Plugins/Interchange/Assets/Content/gltf/MaterialInstances/MI_Unlit_Mask.uasset" 978
"../../../Engine/Plugins/Interchange/Assets/Content/gltf/MaterialInstances/MI_Unlit_Mask.uexp" 979
"../../../Engine/Plugins/Interchange/Assets/Content/gltf/MaterialInstances/MI_Unlit_Mask_DS.uasset" 980
"../../../Engine/Plugins/Interchange/Assets/Content/gltf/MaterialInstances/MI_Unlit_Mask_DS.uexp" 981
"../../../Engine/Plugins/Interchange/Assets/Content/gltf/MaterialInstances/MI_Unlit_Opaque.uasset" 982
"../../../Engine/Plugins/Interchange/Assets/Content/gltf/MaterialInstances/MI_Unlit_Opaque.uexp" 983
"../../../Engine/Plugins/Interchange/Assets/Content/gltf/MaterialInstances/MI_Unlit_Opaque_DS.uasset" 984
"../../../Engine/Plugins/Interchange/Assets/Content/gltf/MaterialInstances/MI_Unlit_Opaque_DS.uexp" 985
"../../../Engine/Content/ArtTools/RenderToTexture/Meshes/S_1_Unit_Plane.ubulk" 986
"../../../Engine/Content/ArtTools/RenderToTexture/Meshes/S_1_Unit_Plane.uasset" 987
"../../../Engine/Content/ArtTools/RenderToTexture/Meshes/S_1_Unit_Plane.uexp" 988
"../../../Engine/Content/EngineMaterials/Substrate/Glints2/AGlintTex2dArray2.uasset" 989
"../../../Engine/Content/EngineMaterials/Substrate/Glints2/AGlintTex2dArray2.uexp" 990
"../../../Engine/Content/EngineMaterials/Substrate/Volume/SubstrateSimpleVolumeLUT3D.uasset" 991
"../../../Engine/Content/EngineMaterials/Substrate/Volume/SubstrateSimpleVolumeLUT3D.uexp" 992
"../../../Engine/Content/Functions/Engine_MaterialFunctions01/Shading/ConvertFromDiffSpec.uasset" 993
"../../../Engine/Content/Functions/Engine_MaterialFunctions01/Shading/ConvertFromDiffSpec.uexp" 994
"../../../Engine/Content/Functions/Engine_MaterialFunctions01/Shading/PowerToRoughness.uasset" 995
"../../../Engine/Content/Functions/Engine_MaterialFunctions01/Shading/PowerToRoughness.uexp" 996
"../../../Engine/Content/EngineMaterials/Substrate/Volume/SubstrateSimpleVolumeEnvLUT3D.uasset" 997
"../../../Engine/Content/EngineMaterials/Substrate/Volume/SubstrateSimpleVolumeEnvLUT3D.uexp" 998
"C:/UE5/Portfolio/UE5-CustomRDG-VolumetricFog/VolumetricFog/Content/Material/MPC_VolumetricFog.uasset" 999
"C:/UE5/Portfolio/UE5-CustomRDG-VolumetricFog/VolumetricFog/Content/Material/MPC_VolumetricFog.uexp" 1000
"C:/UE5/Portfolio/UE5-CustomRDG-VolumetricFog/VolumetricFog/Content/Textures/RT_VolumetricFog.uasset" 1001
"C:/UE5/Portfolio/UE5-CustomRDG-VolumetricFog/VolumetricFog/Content/Textures/RT_VolumetricFog.uexp" 1002
"C:/UE5/Portfolio/UE5-CustomRDG-VolumetricFog/VolumetricFog/Content/Material/M_VolumetricFog_Display.uasset" 1003
"C:/UE5/Portfolio/UE5-CustomRDG-VolumetricFog/VolumetricFog/Content/Material/M_VolumetricFog_Display.uexp" 1004
"../../../Engine/Content/MobileResources/HUD/VirtualJoystick_Background.uasset" 1005
"../../../Engine/Content/MobileResources/HUD/VirtualJoystick_Background.uexp" 1006
"../../../Engine/Content/MobileResources/HUD/VirtualJoystick_Thumb.uasset" 1007
"../../../Engine/Content/MobileResources/HUD/VirtualJoystick_Thumb.uexp" 1008
"../../../Engine/Content/MobileResources/HUD/DefaultVirtualJoysticks.uasset" 1009
"../../../Engine/Content/MobileResources/HUD/DefaultVirtualJoysticks.uexp" 1010
"../../../Engine/Content/Maps/Entry_BuiltData.uasset" 1011
"../../../Engine/Content/Maps/Entry_BuiltData.uexp" 1012
"../../../Engine/Content/Maps/Entry.uexp" 1013
"../../../Engine/Content/Maps/Entry.umap" 1014
"C:/UE5/Portfolio/UE5-CustomRDG-VolumetricFog/VolumetricFog/Content/UI/WBP_FogController.uasset" 1015
"C:/UE5/Portfolio/UE5-CustomRDG-VolumetricFog/VolumetricFog/Content/UI/WBP_FogController.uexp" 1016
"C:/UE5/Portfolio/UE5-CustomRDG-VolumetricFog/VolumetricFog/Content/BP/BP_Level.uexp" 1017
"C:/UE5/Portfolio/UE5-CustomRDG-VolumetricFog/VolumetricFog/Content/BP/BP_Level.umap" 1018
"C:/UE5/Portfolio/UE5-CustomRDG-VolumetricFog/VolumetricFog/Content/BP/BP_Level/_Generated_/9FZ7MHBUSGPHW01AIH424SSFK.uexp" 1019
"C:/UE5/Portfolio/UE5-CustomRDG-VolumetricFog/VolumetricFog/Content/BP/BP_Level/_Generated_/9FZ7MHBUSGPHW01AIH424SSFK.ubulk" 1020
"C:/UE5/Portfolio/UE5-CustomRDG-VolumetricFog/VolumetricFog/Content/BP/BP_Level/_Generated_/9FZ7MHBUSGPHW01AIH424SSFK.umap" 1021
"C:/UE5/Portfolio/UE5-CustomRDG-VolumetricFog/VolumetricFog/Content/BP/BP_Level/_Generated_/7EKH1B53W5T3B9SRA8GJ21SMV.uexp" 1022
"C:/UE5/Portfolio/UE5-CustomRDG-VolumetricFog/VolumetricFog/Content/BP/BP_Level/_Generated_/7EKH1B53W5T3B9SRA8GJ21SMV.ubulk" 1023
"C:/UE5/Portfolio/UE5-CustomRDG-VolumetricFog/VolumetricFog/Content/BP/BP_Level/_Generated_/7EKH1B53W5T3B9SRA8GJ21SMV.umap" 1024
"C:/UE5/Portfolio/UE5-CustomRDG-VolumetricFog/VolumetricFog/Content/BP/BP_Level/_Generated_/D8DCKKYSYAV0WEWXJ8IR6OCMR.uexp" 1025
"C:/UE5/Portfolio/UE5-CustomRDG-VolumetricFog/VolumetricFog/Content/BP/BP_Level/_Generated_/D8DCKKYSYAV0WEWXJ8IR6OCMR.ubulk" 1026
"C:/UE5/Portfolio/UE5-CustomRDG-VolumetricFog/VolumetricFog/Content/BP/BP_Level/_Generated_/D8DCKKYSYAV0WEWXJ8IR6OCMR.umap" 1027
"C:/UE5/Portfolio/UE5-CustomRDG-VolumetricFog/VolumetricFog/Content/BP/BP_Level/_Generated_/AFH6YJYZ1U9GZQSXTMFL4CHWZ.uexp" 1028
"C:/UE5/Portfolio/UE5-CustomRDG-VolumetricFog/VolumetricFog/Content/BP/BP_Level/_Generated_/AFH6YJYZ1U9GZQSXTMFL4CHWZ.ubulk" 1029
"C:/UE5/Portfolio/UE5-CustomRDG-VolumetricFog/VolumetricFog/Content/BP/BP_Level/_Generated_/AFH6YJYZ1U9GZQSXTMFL4CHWZ.umap" 1030
"C:/UE5/Portfolio/UE5-CustomRDG-VolumetricFog/VolumetricFog/Content/BP/BP_Level/_Generated_/BKGSIROW8R33MI0HN28GNYI68.uexp" 1031
"C:/UE5/Portfolio/UE5-CustomRDG-VolumetricFog/VolumetricFog/Content/BP/BP_Level/_Generated_/BKGSIROW8R33MI0HN28GNYI68.ubulk" 1032
"C:/UE5/Portfolio/UE5-CustomRDG-VolumetricFog/VolumetricFog/Content/BP/BP_Level/_Generated_/BKGSIROW8R33MI0HN28GNYI68.umap" 1033
"C:/UE5/Portfolio/UE5-CustomRDG-VolumetricFog/VolumetricFog/Content/BP/BP_Level/_Generated_/2QBV9B13KUIR1B5L9LNAP87JD.uexp" 1034
"C:/UE5/Portfolio/UE5-CustomRDG-VolumetricFog/VolumetricFog/Content/BP/BP_Level/_Generated_/2QBV9B13KUIR1B5L9LNAP87JD.ubulk" 1035
"C:/UE5/Portfolio/UE5-CustomRDG-VolumetricFog/VolumetricFog/Content/BP/BP_Level/_Generated_/2QBV9B13KUIR1B5L9LNAP87JD.umap" 1036
"C:/UE5/Portfolio/UE5-CustomRDG-VolumetricFog/VolumetricFog/Content/BP/BP_Level/_Generated_/2USVSPAWPTWH9TKWLR6EA2OJ3.uexp" 1037
"C:/UE5/Portfolio/UE5-CustomRDG-VolumetricFog/VolumetricFog/Content/BP/BP_Level/_Generated_/2USVSPAWPTWH9TKWLR6EA2OJ3.ubulk" 1038
"C:/UE5/Portfolio/UE5-CustomRDG-VolumetricFog/VolumetricFog/Content/BP/BP_Level/_Generated_/2USVSPAWPTWH9TKWLR6EA2OJ3.umap" 1039
"C:/UE5/Portfolio/UE5-CustomRDG-VolumetricFog/VolumetricFog/Content/BP/BP_Level/_Generated_/8KRD51CAE9RP6ABNOOKH981EJ.uexp" 1040
"C:/UE5/Portfolio/UE5-CustomRDG-VolumetricFog/VolumetricFog/Content/BP/BP_Level/_Generated_/8KRD51CAE9RP6ABNOOKH981EJ.ubulk" 1041
"C:/UE5/Portfolio/UE5-CustomRDG-VolumetricFog/VolumetricFog/Content/BP/BP_Level/_Generated_/8KRD51CAE9RP6ABNOOKH981EJ.umap" 1042
"C:/UE5/Portfolio/UE5-CustomRDG-VolumetricFog/VolumetricFog/Content/BP/BP_Level/_Generated_/0OV45TACZEU45TU6L3QOYC9ZK.uexp" 1043
"C:/UE5/Portfolio/UE5-CustomRDG-VolumetricFog/VolumetricFog/Content/BP/BP_Level/_Generated_/0OV45TACZEU45TU6L3QOYC9ZK.ubulk" 1044
"C:/UE5/Portfolio/UE5-CustomRDG-VolumetricFog/VolumetricFog/Content/BP/BP_Level/_Generated_/0OV45TACZEU45TU6L3QOYC9ZK.umap" 1045
"C:/UE5/Portfolio/UE5-CustomRDG-VolumetricFog/VolumetricFog/Content/BP/BP_Level/_Generated_/41CTII3XEMZSRV26RDCPWZ046.uexp" 1046
"C:/UE5/Portfolio/UE5-CustomRDG-VolumetricFog/VolumetricFog/Content/BP/BP_Level/_Generated_/41CTII3XEMZSRV26RDCPWZ046.ubulk" 1047
"C:/UE5/Portfolio/UE5-CustomRDG-VolumetricFog/VolumetricFog/Content/BP/BP_Level/_Generated_/41CTII3XEMZSRV26RDCPWZ046.umap" 1048
"C:/UE5/Portfolio/UE5-CustomRDG-VolumetricFog/VolumetricFog/Content/BP/BP_Level/_Generated_/7MLI61288YG9NHHBL4EQ11KVP.uexp" 1049
"C:/UE5/Portfolio/UE5-CustomRDG-VolumetricFog/VolumetricFog/Content/BP/BP_Level/_Generated_/7MLI61288YG9NHHBL4EQ11KVP.ubulk" 1050
"C:/UE5/Portfolio/UE5-CustomRDG-VolumetricFog/VolumetricFog/Content/BP/BP_Level/_Generated_/7MLI61288YG9NHHBL4EQ11KVP.umap" 1051
"C:/UE5/Portfolio/UE5-CustomRDG-VolumetricFog/VolumetricFog/Content/BP/BP_Level/_Generated_/ER4F6OA8XAB4F2G7CL76JRCFV.uexp" 1052
"C:/UE5/Portfolio/UE5-CustomRDG-VolumetricFog/VolumetricFog/Content/BP/BP_Level/_Generated_/ER4F6OA8XAB4F2G7CL76JRCFV.ubulk" 1053
"C:/UE5/Portfolio/UE5-CustomRDG-VolumetricFog/VolumetricFog/Content/BP/BP_Level/_Generated_/ER4F6OA8XAB4F2G7CL76JRCFV.umap" 1054
"C:/UE5/Portfolio/UE5-CustomRDG-VolumetricFog/VolumetricFog/Content/BP/BP_Level/_Generated_/0XPHJPVPMK2KR87EECQPGGZHW.uexp" 1055
"C:/UE5/Portfolio/UE5-CustomRDG-VolumetricFog/VolumetricFog/Content/BP/BP_Level/_Generated_/0XPHJPVPMK2KR87EECQPGGZHW.ubulk" 1056
"C:/UE5/Portfolio/UE5-CustomRDG-VolumetricFog/VolumetricFog/Content/BP/BP_Level/_Generated_/0XPHJPVPMK2KR87EECQPGGZHW.umap" 1057
"C:/UE5/Portfolio/UE5-CustomRDG-VolumetricFog/VolumetricFog/Content/BP/BP_Level/_Generated_/EVGXB2LEUZ6JDO8HIN5EMMLCZ.uexp" 1058
"C:/UE5/Portfolio/UE5-CustomRDG-VolumetricFog/VolumetricFog/Content/BP/BP_Level/_Generated_/EVGXB2LEUZ6JDO8HIN5EMMLCZ.ubulk" 1059
"C:/UE5/Portfolio/UE5-CustomRDG-VolumetricFog/VolumetricFog/Content/BP/BP_Level/_Generated_/EVGXB2LEUZ6JDO8HIN5EMMLCZ.umap" 1060
"C:/UE5/Portfolio/UE5-CustomRDG-VolumetricFog/VolumetricFog/Content/BP/BP_Level/_Generated_/95XGQ5AJ8ZH534YVROQ1WK4V0.uexp" 1061
"C:/UE5/Portfolio/UE5-CustomRDG-VolumetricFog/VolumetricFog/Content/BP/BP_Level/_Generated_/95XGQ5AJ8ZH534YVROQ1WK4V0.ubulk" 1062
"C:/UE5/Portfolio/UE5-CustomRDG-VolumetricFog/VolumetricFog/Content/BP/BP_Level/_Generated_/95XGQ5AJ8ZH534YVROQ1WK4V0.umap" 1063
"C:/UE5/Portfolio/UE5-CustomRDG-VolumetricFog/VolumetricFog/Content/BP/BP_Level/_Generated_/BI7MX11TGG7HLKVMQWFEJ11BQ.uexp" 1064
"C:/UE5/Portfolio/UE5-CustomRDG-VolumetricFog/VolumetricFog/Content/BP/BP_Level/_Generated_/BI7MX11TGG7HLKVMQWFEJ11BQ.ubulk" 1065
"C:/UE5/Portfolio/UE5-CustomRDG-VolumetricFog/VolumetricFog/Content/BP/BP_Level/_Generated_/BI7MX11TGG7HLKVMQWFEJ11BQ.umap" 1066
"C:/UE5/Portfolio/UE5-CustomRDG-VolumetricFog/VolumetricFog/Content/BP/BP_Level/_Generated_/5R20CHVY3IF9GZ533SVVV8LLB.uexp" 1067
"C:/UE5/Portfolio/UE5-CustomRDG-VolumetricFog/VolumetricFog/Content/BP/BP_Level/_Generated_/5R20CHVY3IF9GZ533SVVV8LLB.ubulk" 1068
"C:/UE5/Portfolio/UE5-CustomRDG-VolumetricFog/VolumetricFog/Content/BP/BP_Level/_Generated_/5R20CHVY3IF9GZ533SVVV8LLB.umap" 1069
"C:/UE5/Portfolio/UE5-CustomRDG-VolumetricFog/VolumetricFog/Content/BP/BP_Level/_Generated_/AO3RZ00LW73ZH963XV4QUYGGU.uexp" 1070
"C:/UE5/Portfolio/UE5-CustomRDG-VolumetricFog/VolumetricFog/Content/BP/BP_Level/_Generated_/AO3RZ00LW73ZH963XV4QUYGGU.ubulk" 1071
"C:/UE5/Portfolio/UE5-CustomRDG-VolumetricFog/VolumetricFog/Content/BP/BP_Level/_Generated_/AO3RZ00LW73ZH963XV4QUYGGU.umap" 1072
"C:/UE5/Portfolio/UE5-CustomRDG-VolumetricFog/VolumetricFog/Content/BP/BP_Level/_Generated_/AK4W9TLMFT73MZ62XR9NC3QQ3.uexp" 1073
"C:/UE5/Portfolio/UE5-CustomRDG-VolumetricFog/VolumetricFog/Content/BP/BP_Level/_Generated_/AK4W9TLMFT73MZ62XR9NC3QQ3.ubulk" 1074
"C:/UE5/Portfolio/UE5-CustomRDG-VolumetricFog/VolumetricFog/Content/BP/BP_Level/_Generated_/AK4W9TLMFT73MZ62XR9NC3QQ3.umap" 1075
"C:/UE5/Portfolio/UE5-CustomRDG-VolumetricFog/VolumetricFog/Content/BP/BP_Level/_Generated_/7OG6ORXPKJ5P693Z6732V8SRA.uexp" 1076
"C:/UE5/Portfolio/UE5-CustomRDG-VolumetricFog/VolumetricFog/Content/BP/BP_Level/_Generated_/7OG6ORXPKJ5P693Z6732V8SRA.ubulk" 1077
"C:/UE5/Portfolio/UE5-CustomRDG-VolumetricFog/VolumetricFog/Content/BP/BP_Level/_Generated_/7OG6ORXPKJ5P693Z6732V8SRA.umap" 1078
"C:/UE5/Portfolio/UE5-CustomRDG-VolumetricFog/VolumetricFog/Content/BP/BP_Level/_Generated_/E5L6D8Y29YHHU3GCCJZ4GUWV8.uexp" 1079
"C:/UE5/Portfolio/UE5-CustomRDG-VolumetricFog/VolumetricFog/Content/BP/BP_Level/_Generated_/E5L6D8Y29YHHU3GCCJZ4GUWV8.ubulk" 1080
"C:/UE5/Portfolio/UE5-CustomRDG-VolumetricFog/VolumetricFog/Content/BP/BP_Level/_Generated_/E5L6D8Y29YHHU3GCCJZ4GUWV8.umap" 1081
"C:/UE5/Portfolio/UE5-CustomRDG-VolumetricFog/VolumetricFog/Content/BP/BP_Level/_Generated_/9LVROGX154R51DFV1IGC8CZH7.uexp" 1082
"C:/UE5/Portfolio/UE5-CustomRDG-VolumetricFog/VolumetricFog/Content/BP/BP_Level/_Generated_/9LVROGX154R51DFV1IGC8CZH7.ubulk" 1083
"C:/UE5/Portfolio/UE5-CustomRDG-VolumetricFog/VolumetricFog/Content/BP/BP_Level/_Generated_/9LVROGX154R51DFV1IGC8CZH7.umap" 1084
"C:/UE5/Portfolio/UE5-CustomRDG-VolumetricFog/VolumetricFog/Content/BP/BP_Level/_Generated_/5LFSEGH7ZE4YE4R8N9BONOOEZ.uexp" 1085
"C:/UE5/Portfolio/UE5-CustomRDG-VolumetricFog/VolumetricFog/Content/BP/BP_Level/_Generated_/5LFSEGH7ZE4YE4R8N9BONOOEZ.ubulk" 1086
"C:/UE5/Portfolio/UE5-CustomRDG-VolumetricFog/VolumetricFog/Content/BP/BP_Level/_Generated_/5LFSEGH7ZE4YE4R8N9BONOOEZ.umap" 1087
"C:/UE5/Portfolio/UE5-CustomRDG-VolumetricFog/VolumetricFog/Content/BP/BP_Level/_Generated_/B3KST4PPRP42DNUUOV5DPU5JU.uexp" 1088
"C:/UE5/Portfolio/UE5-CustomRDG-VolumetricFog/VolumetricFog/Content/BP/BP_Level/_Generated_/B3KST4PPRP42DNUUOV5DPU5JU.ubulk" 1089
"C:/UE5/Portfolio/UE5-CustomRDG-VolumetricFog/VolumetricFog/Content/BP/BP_Level/_Generated_/B3KST4PPRP42DNUUOV5DPU5JU.umap" 1090
"C:/UE5/Portfolio/UE5-CustomRDG-VolumetricFog/VolumetricFog/Content/BP/BP_Level/_Generated_/8GWOPGI023SO42GFBPSIGPUFG.uexp" 1091
"C:/UE5/Portfolio/UE5-CustomRDG-VolumetricFog/VolumetricFog/Content/BP/BP_Level/_Generated_/8GWOPGI023SO42GFBPSIGPUFG.ubulk" 1092
"C:/UE5/Portfolio/UE5-CustomRDG-VolumetricFog/VolumetricFog/Content/BP/BP_Level/_Generated_/8GWOPGI023SO42GFBPSIGPUFG.umap" 1093
"C:/UE5/Portfolio/UE5-CustomRDG-VolumetricFog/VolumetricFog/Content/BP/BP_Level/_Generated_/BN6XF5U2I1DSI3G72L40Z7AM9.uexp" 1094
"C:/UE5/Portfolio/UE5-CustomRDG-VolumetricFog/VolumetricFog/Content/BP/BP_Level/_Generated_/BN6XF5U2I1DSI3G72L40Z7AM9.ubulk" 1095
"C:/UE5/Portfolio/UE5-CustomRDG-VolumetricFog/VolumetricFog/Content/BP/BP_Level/_Generated_/BN6XF5U2I1DSI3G72L40Z7AM9.umap" 1096
"C:/UE5/Portfolio/UE5-CustomRDG-VolumetricFog/VolumetricFog/Content/BP/BP_Level/_Generated_/229J0OU7EGH7X99T5PBUXPPMA.uexp" 1097
"C:/UE5/Portfolio/UE5-CustomRDG-VolumetricFog/VolumetricFog/Content/BP/BP_Level/_Generated_/229J0OU7EGH7X99T5PBUXPPMA.ubulk" 1098
"C:/UE5/Portfolio/UE5-CustomRDG-VolumetricFog/VolumetricFog/Content/BP/BP_Level/_Generated_/229J0OU7EGH7X99T5PBUXPPMA.umap" 1099
"C:/UE5/Portfolio/UE5-CustomRDG-VolumetricFog/VolumetricFog/Content/BP/BP_Level/_Generated_/EUQFAG80GTOOWJPDR1F53749T.uexp" 1100
"C:/UE5/Portfolio/UE5-CustomRDG-VolumetricFog/VolumetricFog/Content/BP/BP_Level/_Generated_/EUQFAG80GTOOWJPDR1F53749T.ubulk" 1101
"C:/UE5/Portfolio/UE5-CustomRDG-VolumetricFog/VolumetricFog/Content/BP/BP_Level/_Generated_/EUQFAG80GTOOWJPDR1F53749T.umap" 1102
"C:/UE5/Portfolio/UE5-CustomRDG-VolumetricFog/VolumetricFog/Content/BP/BP_Level/_Generated_/40GL5P2IOQPETBU0F0AOD1FYN.uexp" 1103
"C:/UE5/Portfolio/UE5-CustomRDG-VolumetricFog/VolumetricFog/Content/BP/BP_Level/_Generated_/40GL5P2IOQPETBU0F0AOD1FYN.ubulk" 1104
"C:/UE5/Portfolio/UE5-CustomRDG-VolumetricFog/VolumetricFog/Content/BP/BP_Level/_Generated_/40GL5P2IOQPETBU0F0AOD1FYN.umap" 1105
"C:/UE5/Portfolio/UE5-CustomRDG-VolumetricFog/VolumetricFog/Content/BP/BP_Level/_Generated_/03ZZUUC85P66QVV2EWZCXQNJ5.uexp" 1106
"C:/UE5/Portfolio/UE5-CustomRDG-VolumetricFog/VolumetricFog/Content/BP/BP_Level/_Generated_/03ZZUUC85P66QVV2EWZCXQNJ5.ubulk" 1107
"C:/UE5/Portfolio/UE5-CustomRDG-VolumetricFog/VolumetricFog/Content/BP/BP_Level/_Generated_/03ZZUUC85P66QVV2EWZCXQNJ5.umap" 1108
"C:/UE5/Portfolio/UE5-CustomRDG-VolumetricFog/VolumetricFog/Content/BP/BP_Level/_Generated_/20V1JLTUPV4FMD7FKMXSO3ASB.uexp" 1109
"C:/UE5/Portfolio/UE5-CustomRDG-VolumetricFog/VolumetricFog/Content/BP/BP_Level/_Generated_/20V1JLTUPV4FMD7FKMXSO3ASB.ubulk" 1110
"C:/UE5/Portfolio/UE5-CustomRDG-VolumetricFog/VolumetricFog/Content/BP/BP_Level/_Generated_/20V1JLTUPV4FMD7FKMXSO3ASB.umap" 1111
"C:/UE5/Portfolio/UE5-CustomRDG-VolumetricFog/VolumetricFog/Content/BP/BP_Level/_Generated_/1K9B9D64XAVW5WQOR3ZG6XDYR.uexp" 1112
"C:/UE5/Portfolio/UE5-CustomRDG-VolumetricFog/VolumetricFog/Content/BP/BP_Level/_Generated_/1K9B9D64XAVW5WQOR3ZG6XDYR.ubulk" 1113
"C:/UE5/Portfolio/UE5-CustomRDG-VolumetricFog/VolumetricFog/Content/BP/BP_Level/_Generated_/1K9B9D64XAVW5WQOR3ZG6XDYR.umap" 1114
"C:/UE5/Portfolio/UE5-CustomRDG-VolumetricFog/VolumetricFog/Content/BP/BP_Level/_Generated_/BXVZLGWIMK5RUTVXM0XIAAIZ7.uexp" 1115
"C:/UE5/Portfolio/UE5-CustomRDG-VolumetricFog/VolumetricFog/Content/BP/BP_Level/_Generated_/BXVZLGWIMK5RUTVXM0XIAAIZ7.ubulk" 1116
"C:/UE5/Portfolio/UE5-CustomRDG-VolumetricFog/VolumetricFog/Content/BP/BP_Level/_Generated_/BXVZLGWIMK5RUTVXM0XIAAIZ7.umap" 1117
"C:/UE5/Portfolio/UE5-CustomRDG-VolumetricFog/VolumetricFog/Content/BP/BP_Level/_Generated_/83UIQVPLXBT8272UO1DJDO1TR.uexp" 1118
"C:/UE5/Portfolio/UE5-CustomRDG-VolumetricFog/VolumetricFog/Content/BP/BP_Level/_Generated_/83UIQVPLXBT8272UO1DJDO1TR.ubulk" 1119
"C:/UE5/Portfolio/UE5-CustomRDG-VolumetricFog/VolumetricFog/Content/BP/BP_Level/_Generated_/83UIQVPLXBT8272UO1DJDO1TR.umap" 1120
"C:/UE5/Portfolio/UE5-CustomRDG-VolumetricFog/VolumetricFog/Content/BP/BP_Level/_Generated_/CO870MX6HRMSWADVF8GVQJ45B.uexp" 1121
"C:/UE5/Portfolio/UE5-CustomRDG-VolumetricFog/VolumetricFog/Content/BP/BP_Level/_Generated_/CO870MX6HRMSWADVF8GVQJ45B.ubulk" 1122
"C:/UE5/Portfolio/UE5-CustomRDG-VolumetricFog/VolumetricFog/Content/BP/BP_Level/_Generated_/CO870MX6HRMSWADVF8GVQJ45B.umap" 1123
"C:/UE5/Portfolio/UE5-CustomRDG-VolumetricFog/VolumetricFog/Content/BP/BP_Level/_Generated_/58CXUBFQ9DXEF6CKB2KU77P4K.uexp" 1124
"C:/UE5/Portfolio/UE5-CustomRDG-VolumetricFog/VolumetricFog/Content/BP/BP_Level/_Generated_/58CXUBFQ9DXEF6CKB2KU77P4K.ubulk" 1125
"C:/UE5/Portfolio/UE5-CustomRDG-VolumetricFog/VolumetricFog/Content/BP/BP_Level/_Generated_/58CXUBFQ9DXEF6CKB2KU77P4K.umap" 1126
"C:/UE5/Portfolio/UE5-CustomRDG-VolumetricFog/VolumetricFog/Content/BP/BP_Level/_Generated_/5UWCZ75T9KAPYVUR1J9PHRUVB.uexp" 1127
"C:/UE5/Portfolio/UE5-CustomRDG-VolumetricFog/VolumetricFog/Content/BP/BP_Level/_Generated_/5UWCZ75T9KAPYVUR1J9PHRUVB.ubulk" 1128
"C:/UE5/Portfolio/UE5-CustomRDG-VolumetricFog/VolumetricFog/Content/BP/BP_Level/_Generated_/5UWCZ75T9KAPYVUR1J9PHRUVB.umap" 1129
"C:/UE5/Portfolio/UE5-CustomRDG-VolumetricFog/VolumetricFog/Content/BP/BP_Level/_Generated_/83POHNPWISIBFLVXMBY921Y3O.uexp" 1130
"C:/UE5/Portfolio/UE5-CustomRDG-VolumetricFog/VolumetricFog/Content/BP/BP_Level/_Generated_/83POHNPWISIBFLVXMBY921Y3O.ubulk" 1131
"C:/UE5/Portfolio/UE5-CustomRDG-VolumetricFog/VolumetricFog/Content/BP/BP_Level/_Generated_/83POHNPWISIBFLVXMBY921Y3O.umap" 1132
"C:/UE5/Portfolio/UE5-CustomRDG-VolumetricFog/VolumetricFog/Content/BP/BP_Level/_Generated_/52QIKKYDGNYOYBLOUITHNI7U8.uexp" 1133
"C:/UE5/Portfolio/UE5-CustomRDG-VolumetricFog/VolumetricFog/Content/BP/BP_Level/_Generated_/52QIKKYDGNYOYBLOUITHNI7U8.ubulk" 1134
"C:/UE5/Portfolio/UE5-CustomRDG-VolumetricFog/VolumetricFog/Content/BP/BP_Level/_Generated_/52QIKKYDGNYOYBLOUITHNI7U8.umap" 1135
"C:/UE5/Portfolio/UE5-CustomRDG-VolumetricFog/VolumetricFog/Content/BP/BP_Level/_Generated_/9K9ZZSV8OBWL1R0AGJJV066T5.uexp" 1136
"C:/UE5/Portfolio/UE5-CustomRDG-VolumetricFog/VolumetricFog/Content/BP/BP_Level/_Generated_/9K9ZZSV8OBWL1R0AGJJV066T5.ubulk" 1137
"C:/UE5/Portfolio/UE5-CustomRDG-VolumetricFog/VolumetricFog/Content/BP/BP_Level/_Generated_/9K9ZZSV8OBWL1R0AGJJV066T5.umap" 1138
"C:/UE5/Portfolio/UE5-CustomRDG-VolumetricFog/VolumetricFog/Content/BP/BP_Level/_Generated_/AG075LJ57J73WBGK3QC3AC65B.uexp" 1139
"C:/UE5/Portfolio/UE5-CustomRDG-VolumetricFog/VolumetricFog/Content/BP/BP_Level/_Generated_/AG075LJ57J73WBGK3QC3AC65B.ubulk" 1140
"C:/UE5/Portfolio/UE5-CustomRDG-VolumetricFog/VolumetricFog/Content/BP/BP_Level/_Generated_/AG075LJ57J73WBGK3QC3AC65B.umap" 1141
"C:/UE5/Portfolio/UE5-CustomRDG-VolumetricFog/VolumetricFog/Content/BP/BP_Level/_Generated_/AMB8XP9SO6GYFLMQOVRSAW867.uexp" 1142
"C:/UE5/Portfolio/UE5-CustomRDG-VolumetricFog/VolumetricFog/Content/BP/BP_Level/_Generated_/AMB8XP9SO6GYFLMQOVRSAW867.ubulk" 1143
"C:/UE5/Portfolio/UE5-CustomRDG-VolumetricFog/VolumetricFog/Content/BP/BP_Level/_Generated_/AMB8XP9SO6GYFLMQOVRSAW867.umap" 1144
"C:/UE5/Portfolio/UE5-CustomRDG-VolumetricFog/VolumetricFog/Content/BP/BP_Level/_Generated_/6OKVQWK90J0WDBY5W3HU6QFNE.uexp" 1145
"C:/UE5/Portfolio/UE5-CustomRDG-VolumetricFog/VolumetricFog/Content/BP/BP_Level/_Generated_/6OKVQWK90J0WDBY5W3HU6QFNE.ubulk" 1146
"C:/UE5/Portfolio/UE5-CustomRDG-VolumetricFog/VolumetricFog/Content/BP/BP_Level/_Generated_/6OKVQWK90J0WDBY5W3HU6QFNE.umap" 1147
"C:/UE5/Portfolio/UE5-CustomRDG-VolumetricFog/VolumetricFog/Content/BP/BP_Level/_Generated_/8DV8B8DO91K60EF616H63S3Q4.uexp" 1148
"C:/UE5/Portfolio/UE5-CustomRDG-VolumetricFog/VolumetricFog/Content/BP/BP_Level/_Generated_/8DV8B8DO91K60EF616H63S3Q4.ubulk" 1149
"C:/UE5/Portfolio/UE5-CustomRDG-VolumetricFog/VolumetricFog/Content/BP/BP_Level/_Generated_/8DV8B8DO91K60EF616H63S3Q4.umap" 1150
"C:/UE5/Portfolio/UE5-CustomRDG-VolumetricFog/VolumetricFog/Content/BP/BP_Level/_Generated_/6NNQ0SY9FGV3W3RV8RSFR1LVA.uexp" 1151
"C:/UE5/Portfolio/UE5-CustomRDG-VolumetricFog/VolumetricFog/Content/BP/BP_Level/_Generated_/6NNQ0SY9FGV3W3RV8RSFR1LVA.ubulk" 1152
"C:/UE5/Portfolio/UE5-CustomRDG-VolumetricFog/VolumetricFog/Content/BP/BP_Level/_Generated_/6NNQ0SY9FGV3W3RV8RSFR1LVA.umap" 1153
"C:/UE5/Portfolio/UE5-CustomRDG-VolumetricFog/VolumetricFog/Content/BP/BP_Level/_Generated_/979D3UW1IW4PANO9I81VC9WHV.uexp" 1154
"C:/UE5/Portfolio/UE5-CustomRDG-VolumetricFog/VolumetricFog/Content/BP/BP_Level/_Generated_/979D3UW1IW4PANO9I81VC9WHV.ubulk" 1155
"C:/UE5/Portfolio/UE5-CustomRDG-VolumetricFog/VolumetricFog/Content/BP/BP_Level/_Generated_/979D3UW1IW4PANO9I81VC9WHV.umap" 1156
"C:/UE5/Portfolio/UE5-CustomRDG-VolumetricFog/VolumetricFog/Content/BP/BP_Level/_Generated_/6ZYV5XGMVYCDO1IK7VZED21MM.uexp" 1157
"C:/UE5/Portfolio/UE5-CustomRDG-VolumetricFog/VolumetricFog/Content/BP/BP_Level/_Generated_/6ZYV5XGMVYCDO1IK7VZED21MM.ubulk" 1158
"C:/UE5/Portfolio/UE5-CustomRDG-VolumetricFog/VolumetricFog/Content/BP/BP_Level/_Generated_/6ZYV5XGMVYCDO1IK7VZED21MM.umap" 1159
"C:/UE5/Portfolio/UE5-CustomRDG-VolumetricFog/VolumetricFog/Content/BP/BP_Level/_Generated_/965W5DPDCRB8S3H2QJ7Z9ZFR8.uexp" 1160
"C:/UE5/Portfolio/UE5-CustomRDG-VolumetricFog/VolumetricFog/Content/BP/BP_Level/_Generated_/965W5DPDCRB8S3H2QJ7Z9ZFR8.ubulk" 1161
"C:/UE5/Portfolio/UE5-CustomRDG-VolumetricFog/VolumetricFog/Content/BP/BP_Level/_Generated_/965W5DPDCRB8S3H2QJ7Z9ZFR8.umap" 1162
"C:/UE5/Portfolio/UE5-CustomRDG-VolumetricFog/VolumetricFog/Content/BP/BP_Level/_Generated_/6DFQQPQJXVO4AHE0J9UM3SS7Z.uexp" 1163
"C:/UE5/Portfolio/UE5-CustomRDG-VolumetricFog/VolumetricFog/Content/BP/BP_Level/_Generated_/6DFQQPQJXVO4AHE0J9UM3SS7Z.ubulk" 1164
"C:/UE5/Portfolio/UE5-CustomRDG-VolumetricFog/VolumetricFog/Content/BP/BP_Level/_Generated_/6DFQQPQJXVO4AHE0J9UM3SS7Z.umap" 1165
"C:/UE5/Portfolio/UE5-CustomRDG-VolumetricFog/VolumetricFog/Content/BP/BP_Level/_Generated_/AVSGI6TCV1CCK0PN9H65OLAFC.uexp" 1166
"C:/UE5/Portfolio/UE5-CustomRDG-VolumetricFog/VolumetricFog/Content/BP/BP_Level/_Generated_/AVSGI6TCV1CCK0PN9H65OLAFC.ubulk" 1167
"C:/UE5/Portfolio/UE5-CustomRDG-VolumetricFog/VolumetricFog/Content/BP/BP_Level/_Generated_/AVSGI6TCV1CCK0PN9H65OLAFC.umap" 1168
"C:/UE5/Portfolio/UE5-CustomRDG-VolumetricFog/VolumetricFog/Content/BP/BP_Level/_Generated_/0YM04BXNINNDES018JSOHG5NX.uexp" 1169
"C:/UE5/Portfolio/UE5-CustomRDG-VolumetricFog/VolumetricFog/Content/BP/BP_Level/_Generated_/0YM04BXNINNDES018JSOHG5NX.ubulk" 1170
"C:/UE5/Portfolio/UE5-CustomRDG-VolumetricFog/VolumetricFog/Content/BP/BP_Level/_Generated_/0YM04BXNINNDES018JSOHG5NX.umap" 1171
"C:/UE5/Portfolio/UE5-CustomRDG-VolumetricFog/VolumetricFog/Content/BP/BP_Level/_Generated_/DVIFOH53JOIPSNZOTLH7B25E2.uexp" 1172
"C:/UE5/Portfolio/UE5-CustomRDG-VolumetricFog/VolumetricFog/Content/BP/BP_Level/_Generated_/DVIFOH53JOIPSNZOTLH7B25E2.ubulk" 1173
"C:/UE5/Portfolio/UE5-CustomRDG-VolumetricFog/VolumetricFog/Content/BP/BP_Level/_Generated_/DVIFOH53JOIPSNZOTLH7B25E2.umap" 1174
"C:/UE5/Portfolio/UE5-CustomRDG-VolumetricFog/VolumetricFog/Content/BP/BP_Level/_Generated_/6B3G7337SFWOO3WXKCZ6X2ONK.uexp" 1175
"C:/UE5/Portfolio/UE5-CustomRDG-VolumetricFog/VolumetricFog/Content/BP/BP_Level/_Generated_/6B3G7337SFWOO3WXKCZ6X2ONK.ubulk" 1176
"C:/UE5/Portfolio/UE5-CustomRDG-VolumetricFog/VolumetricFog/Content/BP/BP_Level/_Generated_/6B3G7337SFWOO3WXKCZ6X2ONK.umap" 1177
"C:/UE5/Portfolio/UE5-CustomRDG-VolumetricFog/VolumetricFog/Content/BP/BP_Level/_Generated_/A6Z33S455EUWRC0SYRVGL5TWY.uexp" 1178
"C:/UE5/Portfolio/UE5-CustomRDG-VolumetricFog/VolumetricFog/Content/BP/BP_Level/_Generated_/A6Z33S455EUWRC0SYRVGL5TWY.ubulk" 1179
"C:/UE5/Portfolio/UE5-CustomRDG-VolumetricFog/VolumetricFog/Content/BP/BP_Level/_Generated_/A6Z33S455EUWRC0SYRVGL5TWY.umap" 1180
"C:/UE5/Portfolio/UE5-CustomRDG-VolumetricFog/VolumetricFog/Content/BP/BP_Level/_Generated_/7T8HMDSW397BEJQXVLXP4ACHE.uexp" 1181
"C:/UE5/Portfolio/UE5-CustomRDG-VolumetricFog/VolumetricFog/Content/BP/BP_Level/_Generated_/7T8HMDSW397BEJQXVLXP4ACHE.ubulk" 1182
"C:/UE5/Portfolio/UE5-CustomRDG-VolumetricFog/VolumetricFog/Content/BP/BP_Level/_Generated_/7T8HMDSW397BEJQXVLXP4ACHE.umap" 1183
"C:/UE5/Portfolio/UE5-CustomRDG-VolumetricFog/VolumetricFog/Content/BP/BP_Level/_Generated_/BKZTZVGMIZ0512E0NSIACBLP4.uexp" 1184
"C:/UE5/Portfolio/UE5-CustomRDG-VolumetricFog/VolumetricFog/Content/BP/BP_Level/_Generated_/BKZTZVGMIZ0512E0NSIACBLP4.ubulk" 1185
"C:/UE5/Portfolio/UE5-CustomRDG-VolumetricFog/VolumetricFog/Content/BP/BP_Level/_Generated_/BKZTZVGMIZ0512E0NSIACBLP4.umap" 1186
"C:/UE5/Portfolio/UE5-CustomRDG-VolumetricFog/VolumetricFog/Content/BP/BP_Level/_Generated_/44ZTROD84VS6S72F6540L2WK5.uexp" 1187
"C:/UE5/Portfolio/UE5-CustomRDG-VolumetricFog/VolumetricFog/Content/BP/BP_Level/_Generated_/44ZTROD84VS6S72F6540L2WK5.ubulk" 1188
"C:/UE5/Portfolio/UE5-CustomRDG-VolumetricFog/VolumetricFog/Content/BP/BP_Level/_Generated_/44ZTROD84VS6S72F6540L2WK5.umap" 1189
"C:/UE5/Portfolio/UE5-CustomRDG-VolumetricFog/VolumetricFog/Content/BP/BP_Level/_Generated_/5POEG1XMB0P2JWX52NPYCOBB2.uexp" 1190
"C:/UE5/Portfolio/UE5-CustomRDG-VolumetricFog/VolumetricFog/Content/BP/BP_Level/_Generated_/5POEG1XMB0P2JWX52NPYCOBB2.ubulk" 1191
"C:/UE5/Portfolio/UE5-CustomRDG-VolumetricFog/VolumetricFog/Content/BP/BP_Level/_Generated_/5POEG1XMB0P2JWX52NPYCOBB2.umap" 1192
"C:/UE5/Portfolio/UE5-CustomRDG-VolumetricFog/VolumetricFog/Content/BP/BP_Level/_Generated_/CUN0223K67LJVBNKUMK3V0WA8.uexp" 1193
"C:/UE5/Portfolio/UE5-CustomRDG-VolumetricFog/VolumetricFog/Content/BP/BP_Level/_Generated_/CUN0223K67LJVBNKUMK3V0WA8.ubulk" 1194
"C:/UE5/Portfolio/UE5-CustomRDG-VolumetricFog/VolumetricFog/Content/BP/BP_Level/_Generated_/CUN0223K67LJVBNKUMK3V0WA8.umap" 1195
"C:/UE5/Portfolio/UE5-CustomRDG-VolumetricFog/VolumetricFog/Content/BP/BP_Level/_Generated_/EMOOOZ0N634RGOPVHA0GHJJK4.uexp" 1196
"C:/UE5/Portfolio/UE5-CustomRDG-VolumetricFog/VolumetricFog/Content/BP/BP_Level/_Generated_/EMOOOZ0N634RGOPVHA0GHJJK4.ubulk" 1197
"C:/UE5/Portfolio/UE5-CustomRDG-VolumetricFog/VolumetricFog/Content/BP/BP_Level/_Generated_/EMOOOZ0N634RGOPVHA0GHJJK4.umap" 1198
"C:/UE5/Portfolio/UE5-CustomRDG-VolumetricFog/VolumetricFog/Content/BP/BP_Level/_Generated_/AFCSZKMICPJ6EEM3XVY1TAK2D.uexp" 1199
"C:/UE5/Portfolio/UE5-CustomRDG-VolumetricFog/VolumetricFog/Content/BP/BP_Level/_Generated_/AFCSZKMICPJ6EEM3XVY1TAK2D.ubulk" 1200
"C:/UE5/Portfolio/UE5-CustomRDG-VolumetricFog/VolumetricFog/Content/BP/BP_Level/_Generated_/AFCSZKMICPJ6EEM3XVY1TAK2D.umap" 1201
"C:/UE5/Portfolio/UE5-CustomRDG-VolumetricFog/VolumetricFog/Content/BP/BP_Level/_Generated_/820EX0379LUI3QAKFQ5T92N53.uexp" 1202
"C:/UE5/Portfolio/UE5-CustomRDG-VolumetricFog/VolumetricFog/Content/BP/BP_Level/_Generated_/820EX0379LUI3QAKFQ5T92N53.ubulk" 1203
"C:/UE5/Portfolio/UE5-CustomRDG-VolumetricFog/VolumetricFog/Content/BP/BP_Level/_Generated_/820EX0379LUI3QAKFQ5T92N53.umap" 1204
"C:/UE5/Portfolio/UE5-CustomRDG-VolumetricFog/VolumetricFog/Content/BP/BP_Level/_Generated_/152TRM4IZGSTTFN2W9J1RLH98.uexp" 1205
"C:/UE5/Portfolio/UE5-CustomRDG-VolumetricFog/VolumetricFog/Content/BP/BP_Level/_Generated_/152TRM4IZGSTTFN2W9J1RLH98.ubulk" 1206
"C:/UE5/Portfolio/UE5-CustomRDG-VolumetricFog/VolumetricFog/Content/BP/BP_Level/_Generated_/152TRM4IZGSTTFN2W9J1RLH98.umap" 1207
"C:/UE5/Portfolio/UE5-CustomRDG-VolumetricFog/VolumetricFog/Content/BP/BP_Level/_Generated_/1EG4M4MJKAS5ATYQ9EN3ALUGQ.uexp" 1208
"C:/UE5/Portfolio/UE5-CustomRDG-VolumetricFog/VolumetricFog/Content/BP/BP_Level/_Generated_/1EG4M4MJKAS5ATYQ9EN3ALUGQ.ubulk" 1209
"C:/UE5/Portfolio/UE5-CustomRDG-VolumetricFog/VolumetricFog/Content/BP/BP_Level/_Generated_/1EG4M4MJKAS5ATYQ9EN3ALUGQ.umap" 1210
